id;pos_documento
1;[[['A', 'aviação', 'de', 'Israel', 'realizou', 'durante', 'a', 'madrugada', 'desta', 'segunda-feira', ',', 'dia', '7', ',', 'ataques', 'a', '150', 'alvos', 'no', 'Líbano', '.'], ['DET', 'NOUN', 'ADP', 'PROPN', 'VERB', 'ADP', 'DET', 'NOUN', 'ADP', 'NOUN', 'PUNCT', 'NOUN', 'NUM', 'PUNCT', 'NOUN', 'ADP', 'NUM', 'NOUN', 'ADP', 'PROPN', 'PUNCT'], ['realizou'], ['o', 'aviação', 'de', 'Israel', 'realizar', 'durante', 'o', 'madrugada', 'de este', 'segunda-feira', ',', 'dia', '7', ',', 'ataque', 'a', '150', 'alvo', 'em o', 'Líbano', '.']], [['Enquanto', 'isso', ',', 'soldados', 'israelenses', 'mataram', '10', 'integrantes', 'da', 'milícia', 'do', 'Hezbollah', '.'], ['ADP', 'PRON', 'PUNCT', 'NOUN', 'ADJ', 'VERB', 'NUM', 'NOUN', 'ADP', 'NOUN', 'ADP', 'PROPN', 'PUNCT'], ['mataram'], ['enquanto', 'isso', ',', 'soldado', 'israelense', 'matar', '10', 'integrante', 'de o', 'milícia', 'de o', 'Hezbollah', '.']], [['Durante', 'este', 'domingo', ',', 'dia', '6', ',', 'foram', 'travadas', 'lugas', 'sangrentas', '.'], ['ADP', 'DET', 'NOUN', 'PUNCT', 'NOUN', 'NUM', 'PUNCT', 'AUX', 'VERB', 'NOUN', 'ADJ', 'PUNCT'], ['foram travadas'], ['durante', 'este', 'domingo', ',', 'dia', '6', ',', 'ser', 'travar', 'luga', 'sangrento', '.']], [['Os', 'foguetes', 'e', 'ataques', 'do', 'Hezbollah', 'causaram', 'a', 'morte', 'de', '15', 'pessoas', 'e', 'deixaram', 'mais', 'de', '200', 'feridas', '.'], ['DET', 'NOUN', 'CCONJ', 'NOUN', 'ADP', 'PROPN', 'VERB', 'DET', 'NOUN', 'ADP', 'NUM', 'NOUN', 'CCONJ', 'VERB', 'ADV', 'ADP', 'NUM', 'NOUN', 'PUNCT'], ['causaram', 'deixaram'], ['o', 'foguete', 'e', 'ataque', 'de o', 'Hezbollah', 'causar', 'o', 'morte', 'de', '15', 'pessoa', 'e', 'deixar', 'mais', 'de', '200', 'ferida', '.']], [['Já', 'o', 'Exército', 'de', 'Israel', 'provocaram', 'a', 'morte', 'de', '30', 'militantes', 'do', 'Hezbollah', '.'], ['ADV', 'DET', 'PROPN', 'ADP', 'PROPN', 'VERB', 'DET', 'NOUN', 'ADP', 'NUM', 'NOUN', 'ADP', 'PROPN', 'PUNCT'], ['provocaram'], ['já', 'o', 'exército', 'de', 'Israel', 'provocar', 'o', 'morte', 'de', '30', 'militante', 'de o', 'Hezbollah', '.']], [['Comandos', 'israelenses', 'mataram', 'outros', 'três', 'guerrilheiros', 'libaneses', 'na', 'cidade', 'de', 'Tiro', ',', 'onde', 'destruíram', 'sete', 'plataformas', 'de', 'lançamento', 'de', 'foguetes', ',', 'informaram', 'as', 'fontes', 'israelenses', '.'], ['NOUN', 'ADJ', 'VERB', 'DET', 'NUM', 'NOUN', 'ADJ', 'ADP', 'NOUN', 'ADP', 'PROPN', 'PUNCT', 'PRON', 'VERB', 'NUM', 'NOUN', 'ADP', 'NOUN', 'ADP', 'NOUN', 'PUNCT', 'VERB', 'DET', 'NOUN', 'ADJ', 'PUNCT'], ['mataram', 'destruíram', 'informaram'], ['comando', 'israelense', 'matar', 'outro', 'três', 'guerrilheiro', 'libanese', 'em o', 'cidade', 'de', 'Tiro', ',', 'onde', 'destruír', 'sete', 'plataforma', 'de', 'lançamento', 'de', 'foguete', ',', 'informar', 'o', 'fonte', 'israelense', '.']]]
3;[[['Israel', 'ataca', '150', 'alvos', 'no', 'Líbano', 'e', 'intensifica', 'ofensiva'], ['PROPN', 'VERB', 'NUM', 'NOUN', 'ADP', 'PROPN', 'CCONJ', 'VERB', 'NOUN'], ['ataca', 'intensifica'], ['Israel', 'atacar', '150', 'alvo', 'em o', 'Líbano', 'e', 'intensificar', 'ofensivo']]]
5;[[['Israel', 'lança', 'série', 'de', 'ataques', 'aéreos', 'contra', 'o', 'Líbano'], ['PROPN', 'VERB', 'NOUN', 'ADP', 'NOUN', 'ADJ', 'ADP', 'DET', 'PROPN'], ['lança'], ['Israel', 'lançar', 'série', 'de', 'ataque', 'aéreo', 'contra', 'o', 'Líbano']]]
6;[[['Uma', 'nova', 'série', 'de', 'ataques', 'criminosos', 'foi', 'registrada', 'na', 'madrugada', 'desta', 'segunda-feira', ',', 'dia', '7', ',', 'em', 'São', 'Paulo', 'e', 'municípios', 'do', 'interior', 'paulista', '.'], ['DET', 'ADJ', 'NOUN', 'ADP', 'NOUN', 'ADJ', 'AUX', 'VERB', 'ADP', 'NOUN', 'ADP', 'NOUN', 'PUNCT', 'NOUN', 'NUM', 'PUNCT', 'ADP', 'PROPN', 'PROPN', 'CCONJ', 'NOUN', 'ADP', 'NOUN', 'ADJ', 'PUNCT'], ['foi registrada'], ['um', 'novo', 'série', 'de', 'ataque', 'criminoso', 'ser', 'registrar', 'em o', 'madrugada', 'de este', 'segunda-feira', ',', 'dia', '7', ',', 'em', 'São', 'Paulo', 'e', 'município', 'de o', 'interior', 'paulista', '.']], [['Os', 'bandidos', 'atacaram', 'agências', 'bancárias', ',', 'bases', 'policiais', 'e', 'prédios', 'públicos', 'com', 'bombas', 'e', 'tiros', '.'], ['DET', 'NOUN', 'VERB', 'NOUN', 'ADJ', 'PUNCT', 'NOUN', 'ADJ', 'CCONJ', 'NOUN', 'ADJ', 'ADP', 'NOUN', 'CCONJ', 'NOUN', 'PUNCT'], ['atacaram'], ['o', 'bandido', 'atacar', 'agência', 'bancário', ',', 'base', 'policial', 'e', 'prédio', 'público', 'com', 'bomba', 'e', 'tiro', '.']], [['Uma', 'bomba', 'caseira', 'foi', 'jogada', 'contra', 'o', 'prédio', 'do', 'Ministério', 'Público', ',', 'na', 'capital', 'do', 'estado', '.'], ['DET', 'NOUN', 'ADJ', 'AUX', 'VERB', 'ADP', 'DET', 'NOUN', 'ADP', 'PROPN', 'PROPN', 'PUNCT', 'ADP', 'NOUN', 'ADP', 'NOUN', 'PUNCT'], ['foi jogada'], ['um', 'bomba', 'caseiro', 'ser', 'jogar', 'contra', 'o', 'prédio', 'de o', 'Ministério', 'Público', ',', 'em o', 'capital', 'de o', 'estado', '.']], [['As', 'ações', 'criminosas', 'podem', 'ter', 'sido', 'ordenadas', 'pelos', 'líderes', 'do', 'Primeiro', 'Comando', 'da', 'Capital', '(', 'PCC', ')', ',', 'que', 'haviam', 'prometido', 'retomar', 'os', 'ataques', 'no', 'Estado', 'de', 'São', 'Paulo', 'no', 'Dia', 'dos', 'Pais', ',', 'no', 'próximo', 'domingo', '.'], ['DET', 'NOUN', 'ADJ', 'VERB', 'AUX', 'AUX', 'VERB', 'ADP', 'NOUN', 'ADP', 'PROPN', 'PROPN', 'ADP', 'PROPN', 'PUNCT', 'PROPN', 'PUNCT', 'PUNCT', 'PRON', 'AUX', 'VERB', 'VERB', 'DET', 'NOUN', 'ADP', 'NOUN', 'ADP', 'PROPN', 'PROPN', 'ADP', 'NOUN', 'ADP', 'PROPN', 'PUNCT', 'ADP', 'ADJ', 'NOUN', 'PUNCT'], ['podem ter sido ordenadas', 'haviam prometido retomar'], ['o', 'ação', 'criminoso', 'poder', 'ter', 'ser', 'ordenar', 'por o', 'líder', 'de o', 'Primeiro', 'Comando', 'de o', 'Capital', '(', 'PCC', ')', ',', 'que', 'haver', 'prometer', 'retomar', 'o', 'ataque', 'em o', 'estado', 'de', 'São', 'Paulo', 'em o', 'Dia', 'de o', 'Pais', ',', 'em o', 'próximo', 'domingo', '.']], [['Na', 'região', 'do', 'ABC', 'Paulista', 'pelo', 'menos', 'dez', 'ônibus', 'foram', 'incendiados', '-', 'sete', 'em', 'Mauá', 'e', 'três', 'em', 'Santo', 'André', '.'], ['ADP', 'NOUN', 'ADP', 'PROPN', 'PROPN', 'ADP', 'NOUN', 'NUM', 'NOUN', 'AUX', 'VERB', 'PUNCT', 'NUM', 'ADP', 'PROPN', 'CCONJ', 'NUM', 'ADP', 'PROPN', 'PROPN', 'PUNCT'], ['foram incendiados'], ['em o', 'região', 'de o', 'ABC', 'paulista', 'por o', 'menos', 'dez', 'ônibus', 'ser', 'incendiar', '-', 'sete', 'em', 'Mauá', 'e', 'três', 'em', 'Santo', 'André', '.']], [['Na', 'capital', ',', 'houve', 'ataques', 'a', 'outros', 'quatro', 'ônibus', '.'], ['ADP', 'NOUN', 'PUNCT', 'VERB', 'NOUN', 'ADP', 'DET', 'NUM', 'NOUN', 'PUNCT'], ['houve'], ['em o', 'capital', ',', 'haver', 'ataque', 'a', 'outro', 'quatro', 'ônibus', '.']], [['Uma', 'bomba', 'caseira', 'foi', 'atirada', 'contra', 'a', 'sede', 'do', 'Ministério', 'Público', '(', 'MP', ')', '.'], ['DET', 'NOUN', 'ADJ', 'AUX', 'VERB', 'ADP', 'DET', 'NOUN', 'ADP', 'PROPN', 'PROPN', 'PUNCT', 'PROPN', 'PUNCT', 'PUNCT'], ['foi atirada'], ['um', 'bomba', 'caseiro', 'ser', 'atirar', 'contra', 'o', 'sede', 'de o', 'Ministério', 'Público', '(', 'MP', ')', '.']], [['A', 'rua', 'foi', 'interditada', 'pela', 'polícia', '.'], ['DET', 'NOUN', 'AUX', 'VERB', 'ADP', 'NOUN', 'PUNCT'], ['foi interditada'], ['o', 'rua', 'ser', 'interditar', 'por o', 'polícia', '.']], [['A', 'bomba', ',', 'composta', 'por', 'parafusos', 'e', 'materiais', 'metálicos', ',', 'provocou', 'estragos', 'em', 'portas', 'e', 'janelas', 'que', 'ficam', 'a', 'cerca', 'de', '20', 'metros', 'do', 'local', 'da', 'explosão', '.'], ['DET', 'NOUN', 'PUNCT', 'VERB', 'ADP', 'NOUN', 'CCONJ', 'NOUN', 'ADJ', 'PUNCT', 'VERB', 'NOUN', 'ADP', 'NOUN', 'CCONJ', 'NOUN', 'PRON', 'VERB', 'ADP', 'ADV', 'ADP', 'NUM', 'NOUN', 'ADP', 'NOUN', 'ADP', 'NOUN', 'PUNCT'], ['composta', 'provocou', 'ficam'], ['o', 'bomba', ',', 'compor', 'por', 'parafuso', 'e', 'material', 'metálico', ',', 'provocar', 'estrago', 'em', 'porta', 'e', 'janela', 'que', 'ficar', 'a', 'cerca', 'de', '20', 'metro', 'de o', 'local', 'de o', 'explosão', '.']], [['No', 'momento', ',', 'apenas', 'um', 'taxista', 'e', 'um', 'passageiro', 'estavam', 'na', 'rua', '.'], ['ADP', 'NOUN', 'PUNCT', 'ADV', 'DET', 'NOUN', 'CCONJ', 'DET', 'NOUN', 'AUX', 'ADP', 'NOUN', 'PUNCT'], [], ['em o', 'momento', ',', 'apenas', 'um', 'taxista', 'e', 'um', 'passageiro', 'estar', 'em o', 'rua', '.']], [['O', 'prédio', 'da', 'secretaria', 'da', 'Fazenda', ',', 'no', 'centro', ',', 'foi', 'atingido', 'por', 'três', 'bombas', 'caseiras', '.'], ['DET', 'NOUN', 'ADP', 'PROPN', 'ADP', 'NOUN', 'PUNCT', 'ADP', 'NOUN', 'PUNCT', 'AUX', 'VERB', 'ADP', 'NUM', 'NOUN', 'ADJ', 'PUNCT'], ['foi atingido'], ['o', 'prédio', 'de o', 'secretaria', 'de o', 'fazenda', ',', 'em o', 'centro', ',', 'ser', 'atingir', 'por', 'três', 'bomba', 'caseiro', '.']], [['Os', 'líderes', 'da', 'facção', 'criminosa', 'PCC', 'haviam', 'prometido', 'uma', 'nova', 'onda', 'de', 'ataques', 'caso', 'o', 'Ministério', 'Público', 'de', 'São', 'Paulo', 'negasse', 'a', 'saída', 'temporária', 'de', 'presos', 'em', 'virtude', 'do', 'Dia', 'dos', 'Pais', '.'], ['DET', 'NOUN', 'ADP', 'NOUN', 'ADJ', 'PROPN', 'AUX', 'VERB', 'DET', 'ADJ', 'NOUN', 'ADP', 'NOUN', 'SCONJ', 'DET', 'PROPN', 'PROPN', 'ADP', 'PROPN', 'PROPN', 'VERB', 'DET', 'NOUN', 'ADJ', 'ADP', 'NOUN', 'ADP', 'NOUN', 'ADP', 'NOUN', 'ADP', 'PROPN', 'PUNCT'], ['haviam prometido', 'negasse'], ['o', 'líder', 'de o', 'facção', 'criminoso', 'PCC', 'haver', 'prometer', 'um', 'novo', 'onda', 'de', 'ataque', 'caso', 'o', 'Ministério', 'Público', 'de', 'São', 'Paulo', 'negar', 'o', 'saída', 'temporário', 'de', 'preso', 'em', 'virtude', 'de o', 'Dia', 'de o', 'Pais', '.']], [['O', 'benefício', 'depende', 'de', 'decisão', 'judicial', 'após', 'análise', 'do', 'Ministério', 'Público', 'e', 'os', 'presos', 'poderiam', 'deixar', 'a', 'cadeia', 'no', 'período', 'do', 'dia', '9', 'até', '15', 'de', 'agosto', '.'], ['DET', 'NOUN', 'VERB', 'ADP', 'NOUN', 'ADJ', 'ADP', 'NOUN', 'ADP', 'PROPN', 'PROPN', 'CCONJ', 'DET', 'NOUN', 'VERB', 'VERB', 'DET', 'NOUN', 'ADP', 'NOUN', 'ADP', 'NOUN', 'NUM', 'ADP', 'NUM', 'ADP', 'NOUN', 'PUNCT'], ['depende', 'poderiam deixar'], ['o', 'benefício', 'depender', 'de', 'decisão', 'judicial', 'após', 'análise', 'de o', 'Ministério', 'Público', 'e', 'o', 'preso', 'poder', 'deixar', 'o', 'cadeia', 'em o', 'período', 'de o', 'dia', '9', 'até', '15', 'de', 'agosto', '.']], [['A', 'Vara', 'de', 'Execuções', 'Criminais', 'do', 'Estado', 'já', 'registrou', '900', 'pedidos', 'de', 'autorização', 'de', 'saída', 'temporária', '.'], ['DET', 'PROPN', 'ADP', 'PROPN', 'PROPN', 'ADP', 'NOUN', 'ADV', 'VERB', 'NUM', 'NOUN', 'ADP', 'NOUN', 'ADP', 'NOUN', 'ADJ', 'PUNCT'], ['registrou'], ['o', 'Vara', 'de', 'Execuções', 'Criminais', 'de o', 'estado', 'já', 'registrar', '900', 'pedido', 'de', 'autorização', 'de', 'saída', 'temporário', '.']]]
7;[[['PCC', 'realiza', 'nova', 'onda', 'de', 'ataques', 'e', 'sede', 'do', 'MP', 'é', 'atingida', 'por', 'bomba'], ['PROPN', 'VERB', 'ADJ', 'NOUN', 'ADP', 'NOUN', 'CCONJ', 'NOUN', 'ADP', 'PROPN', 'AUX', 'VERB', 'ADP', 'NOUN'], ['realiza', 'é atingida'], ['PCC', 'realizar', 'novo', 'onda', 'de', 'ataque', 'e', 'sede', 'de o', 'MP', 'ser', 'atinger', 'por', 'bomba']]]
9;[[['Bomba', 'atinge', 'MP', 'de', 'SP', 'em', 'novos', 'ataques', 'do', 'PCC'], ['NOUN', 'VERB', 'PROPN', 'ADP', 'PROPN', 'ADP', 'ADJ', 'NOUN', 'ADP', 'PROPN'], ['atinge'], ['bomba', 'atingir', 'MP', 'de', 'SP', 'em', 'novo', 'ataque', 'de o', 'PCC']]]
10;[[['SÃO', 'PAULO', '-', 'O', 'estado', 'de', 'São', 'Paulo', 'voltou', 'a', 'sofrer', 'com', 'os', 'ataques', 'contra', 'postos', 'policiais', ',', 'agências', 'bancárias', 'e', 'ônibus', ',', 'na', 'madrugada', 'desta', 'segunda-feira', '.'], ['PROPN', 'PROPN', 'PUNCT', 'DET', 'NOUN', 'ADP', 'PROPN', 'PROPN', 'VERB', 'SCONJ', 'VERB', 'ADP', 'DET', 'NOUN', 'ADP', 'NOUN', 'ADJ', 'PUNCT', 'NOUN', 'ADJ', 'CCONJ', 'NOUN', 'PUNCT', 'ADP', 'NOUN', 'ADP', 'NOUN', 'PUNCT'], ['voltou a sofrer'], ['São', 'PAULO', '-', 'o', 'estado', 'de', 'São', 'Paulo', 'voltar', 'a', 'sofrer', 'com', 'o', 'ataque', 'contra', 'posto', 'policial', ',', 'agência', 'bancário', 'e', 'ônibus', ',', 'em o', 'madrugada', 'de este', 'segunda-feira', '.']], [['As', 'ações', 'são', 'atribuídas', 'à', 'facção', 'criminosa'], ['DET', 'NOUN', 'AUX', 'VERB', 'ADP', 'NOUN', 'ADJ'], ['são atribuídas'], ['o', 'ação', 'ser', 'atribuír', 'a o', 'facção', 'criminoso']], [['Primeiro'], ['ADV'], [], ['primeiro']], [['Comando', 'da', 'Capital', '(', 'PCC', ')', ',', 'que', 'já', 'comandou', 'outros', 'ataques', 'em', 'duas', 'ocasiões', '.'], ['NOUN', 'ADP', 'PROPN', 'PUNCT', 'PROPN', 'PUNCT', 'PUNCT', 'PRON', 'ADV', 'VERB', 'DET', 'NOUN', 'ADP', 'NUM', 'NOUN', 'PUNCT'], ['comandou'], ['comando', 'de o', 'Capital', '(', 'PCC', ')', ',', 'que', 'já', 'comandar', 'outro', 'ataque', 'em', 'dois', 'ocasião', '.']], [['Os', 'ataques', 'desta', 'madrugada', ',', 'até', 'agora', ',', 'não', 'deixaram', 'mortos', 'ou', 'feridos', '.'], ['DET', 'NOUN', 'ADP', 'NOUN', 'PUNCT', 'ADP', 'ADV', 'PUNCT', 'ADV', 'VERB', 'NOUN', 'CCONJ', 'VERB', 'PUNCT'], ['deixaram', 'feridos'], ['o', 'ataque', 'de este', 'madrugada', ',', 'até', 'agora', ',', 'não', 'deixar', 'morto', 'ou', 'ferir', '.']], [['Uma', 'bomba', 'de', 'fabricação', 'caseira', 'explodiu', 'em', 'frente', 'ao', 'prédio', 'do', 'Ministério', 'Público', 'Estadual', 'e', 'lojas', 'vizinhas', 'também', 'foram', 'atingidas', 'por', 'estilhaços', '.'], ['DET', 'NOUN', 'ADP', 'NOUN', 'ADJ', 'VERB', 'ADP', 'NOUN', 'ADP', 'NOUN', 'ADP', 'PROPN', 'PROPN', 'PROPN', 'CCONJ', 'NOUN', 'ADJ', 'ADV', 'AUX', 'VERB', 'ADP', 'NOUN', 'PUNCT'], ['explodiu', 'foram atingidas'], ['um', 'bomba', 'de', 'fabricação', 'caseiro', 'explodir', 'em', 'frente', 'a o', 'prédio', 'de o', 'Ministério', 'Público', 'Estadual', 'e', 'loja', 'vizinho', 'também', 'ser', 'atingir', 'por', 'estilhaço', '.']], [['A', 'rua', 'está', 'interditada', 'para', 'a', 'perícia', 'e', ',', 'aos', 'poucos', ',', 'os', 'comerciantes', 'são', 'autorizados', 'a', 'entrar', 'em', 'seus', 'estabelecimentos', '.'], ['DET', 'NOUN', 'AUX', 'ADJ', 'ADP', 'DET', 'NOUN', 'CCONJ', 'PUNCT', 'ADP', 'NOUN', 'PUNCT', 'DET', 'NOUN', 'AUX', 'VERB', 'SCONJ', 'VERB', 'ADP', 'DET', 'NOUN', 'PUNCT'], ['está interditada', 'são autorizados', 'entrar'], ['o', 'rua', 'estar', 'interditado', 'para', 'o', 'perícia', 'e', ',', 'a o', 'pouco', ',', 'o', 'comerciante', 'ser', 'autorizar', 'a', 'entrar', 'em', 'seu', 'estabelecimento', '.']], [['A', 'Secretaria', 'da', 'Fazenda', 'também', 'foi', 'atingida', 'por', 'uma', 'bomba', '.'], ['DET', 'PROPN', 'ADP', 'PROPN', 'ADV', 'AUX', 'VERB', 'ADP', 'DET', 'NOUN', 'PUNCT'], ['foi atingida'], ['o', 'Secretaria', 'de o', 'Fazenda', 'também', 'ser', 'atingir', 'por', 'um', 'bomba', '.']], [['Duas', 'bases', 'da', 'Guarda', 'Civil', 'Metropolitana', '(', 'GCM', ')', ',', 'sendo', 'uma', 'no', 'Capão', 'Redondo', ',', 'Zona', 'Sul', 'de', 'São', 'Paulo', ',', 'foram', 'alvo', 'dos', 'criminosos', '.'], ['NUM', 'NOUN', 'ADP', 'PROPN', 'PROPN', 'PROPN', 'PUNCT', 'PROPN', 'PUNCT', 'PUNCT', 'AUX', 'NUM', 'ADP', 'PROPN', 'PROPN', 'PUNCT', 'PROPN', 'PROPN', 'ADP', 'PROPN', 'PROPN', 'PUNCT', 'AUX', 'ADJ', 'ADP', 'NOUN', 'PUNCT'], ['foram alvo'], ['dois', 'base', 'de o', 'Guarda', 'Civil', 'Metropolitana', '(', 'GCM', ')', ',', 'ser', 'um', 'em o', 'Capão', 'Redondo', ',', 'Zona', 'Sul', 'de', 'São', 'Paulo', ',', 'ser', 'alvo', 'de o', 'criminoso', '.']], [['Mais', 'de', 'dez', 'agências', 'bancárias', ',', 'um', 'posto', 'de', 'gasolina', 'e', 'um', 'supermercado', 'foram', 'atacados', '.'], ['ADV', 'ADP', 'NUM', 'NOUN', 'ADJ', 'PUNCT', 'DET', 'NOUN', 'ADP', 'NOUN', 'CCONJ', 'DET', 'NOUN', 'AUX', 'VERB', 'PUNCT'], ['foram atacados'], ['mais', 'de', 'dez', 'agência', 'bancário', ',', 'um', 'posto', 'de', 'gasolina', 'e', 'um', 'supermercado', 'ser', 'atacar', '.']], [['Calcula-se', 'em', '15', 'o', 'número', 'de', 'ônibus', 'incendiados', ',', 'sendo', 'dez', 'na', 'região', 'do', 'ABC', 'e', 'quatro', 'na', 'capital', '.'], ['VERB', 'ADP', 'NUM', 'DET', 'NOUN', 'ADP', 'NOUN', 'VERB', 'PUNCT', 'AUX', 'NUM', 'ADP', 'NOUN', 'ADP', 'PROPN', 'CCONJ', 'NUM', 'ADP', 'NOUN', 'PUNCT'], ['Calcula-se', 'incendiados'], ['calcular se', 'em', '15', 'o', 'número', 'de', 'ônibus', 'incendiar', ',', 'ser', 'dez', 'em o', 'região', 'de o', 'ABC', 'e', 'quatro', 'em o', 'capital', '.']], [['Mesmo', 'assim', ',', 'o', 'sistema', 'de', 'transporte', 'coletivo', 'da', 'cidade', 'está', 'normal', 'nesta', 'manhã', '.'], ['ADV', 'ADV', 'PUNCT', 'DET', 'NOUN', 'ADP', 'NOUN', 'ADJ', 'ADP', 'NOUN', 'AUX', 'ADJ', 'ADP', 'NOUN', 'PUNCT'], ['está normal'], ['mesmo', 'assim', ',', 'o', 'sistema', 'de', 'transporte', 'coletivo', 'de o', 'cidade', 'estar', 'normal', 'em este', 'manhã', '.']], [['A', 'rua', 'onde', 'fica', 'o', 'Departamento', 'de', 'Investigações', 'Sobre', 'o', 'Crime', 'Organizado', '(', 'Deic', ')', 'foi', 'bloqueada', 'e', 'a', 'passagem', 'de', 'veículos', 'está', 'proibida', '.'], ['DET', 'NOUN', 'PRON', 'VERB', 'DET', 'PROPN', 'ADP', 'PROPN', 'ADP', 'DET', 'PROPN', 'PROPN', 'PUNCT', 'PROPN', 'PUNCT', 'AUX', 'VERB', 'CCONJ', 'DET', 'NOUN', 'ADP', 'NOUN', 'AUX', 'ADJ', 'PUNCT'], ['fica', 'foi bloqueada'], ['o', 'rua', 'onde', 'ficar', 'o', 'Departamento', 'de', 'Investigações', 'Sobre', 'o', 'Crime', 'Organizado', '(', 'Deic', ')', 'ser', 'bloquear', 'e', 'o', 'passagem', 'de', 'veículo', 'estar', 'proibido', '.']]]
11;"[[['Um', 'total', 'de', '549', 'pessoas', 'morreram', ',', '3.043', 'ficaram', 'feridas', 'e', '295', 'estão', 'desaparecidas', 'em', 'razão', 'das', 'enchentes', 'que', 'recentemente', 'afetaram', 'a', 'Coréia', 'do', 'Norte', ',', 'informou', 'hoje', 'um', 'jornal', 'pró', 'norte-coreano', 'publicado', 'no', 'Japão', ',', 'que', 'citou', 'fontes', 'oficiais', 'de', 'Pyongyang', '.'], ['DET', 'NOUN', 'ADP', 'NUM', 'NOUN', 'VERB', 'PUNCT', 'NUM', 'VERB', 'NOUN', 'CCONJ', 'NUM', 'AUX', 'ADJ', 'ADP', 'NOUN', 'ADP', 'NOUN', 'PRON', 'ADV', 'VERB', 'DET', 'PROPN', 'ADP', 'PROPN', 'PUNCT', 'VERB', 'ADV', 'DET', 'NOUN', 'ADJ', 'NOUN', 'VERB', 'ADP', 'PROPN', 'PUNCT', 'PRON', 'VERB', 'NOUN', 'ADJ', 'ADP', 'PROPN', 'PUNCT'], ['morreram', 'ficaram', 'afetaram', 'informou', 'publicado', 'citou'], ['um', 'total', 'de', '549', 'pessoa', 'morrer', ',', '3.043', 'ficar', 'ferir', 'e', '295', 'estar', 'desaparecido', 'em', 'razão', 'de o', 'enchente', 'que', 'recentemente', 'afetar', 'o', 'Coréia', 'de o', 'Norte', ',', 'informar', 'hoje', 'um', 'jornal', 'pró', 'norte-coreano', 'publicar', 'em o', 'Japão', ',', 'que', 'citar', 'fonte', 'oficial', 'de', 'Pyongyang', '.']], [['Segundo', 'o', 'jornal', '""', 'Choson', 'Sinbo', '""', ',', 'publicado', 'pela', 'Associação', 'de', 'Residentes', 'Coreanos', 'no', 'Japão', '(', 'próxima', 'ao', 'regime', 'comunista', 'da', 'Coréia', 'do', 'Norte', ')', ',', 'as', 'fortes', 'chuvas', 'que', 'alagaram', 'grande', 'parte', 'desse', 'país', 'na', 'segunda', 'metade', 'de', 'julho', 'provocaram', '""', 'muitos', 'danos', '""', '.'], ['ADP', 'DET', 'NOUN', 'PUNCT', 'PROPN', 'PROPN', 'PUNCT', 'PUNCT', 'VERB', 'ADP', 'PROPN', 'ADP', 'PROPN', 'PROPN', 'ADP', 'PROPN', 'PUNCT', 'ADJ', 'ADP', 'NOUN', 'ADJ', 'ADP', 'PROPN', 'ADP', 'PROPN', 'PUNCT', 'PUNCT', 'DET', 'ADJ', 'NOUN', 'PRON', 'VERB', 'ADJ', 'NOUN', 'ADP', 'NOUN', 'ADP', 'ADJ', 'NOUN', 'ADP', 'NOUN', 'VERB', 'PUNCT', 'DET', 'NOUN', 'PUNCT', 'PUNCT'], ['publicado', 'alagaram', 'provocaram'], ['segundo', 'o', 'jornal', '""', 'Choson', 'Sinbo', '""', ',', 'publicar', 'por o', 'Associação', 'de', 'Residentes', 'Coreanos', 'em o', 'Japão', '(', 'próximo', 'a o', 'regime', 'comunista', 'de o', 'Coréia', 'de o', 'Norte', ')', ',', 'o', 'forte', 'chuva', 'que', 'alagar', 'grande', 'parte', 'de esse', 'país', 'em o', 'segundo', 'metade', 'de', 'julho', 'provocar', '""', 'muito', 'dano', '""', '.']], [['No', 'entanto', ',', 'a', 'publicação', ',', 'que', 'cita', 'autoridades', 'norte-coreanas', ',', 'desmentiu', 'o', 'número', 'de', 'até', '10', 'mil', 'mortos', 'pelas', 'inundações', ',', 'calculado', 'por', 'algumas', 'ONGs', 'que', 'trabalham', 'na', 'Coréia', 'do', 'Norte', '.'], ['ADP', 'NOUN', 'PUNCT', 'DET', 'NOUN', 'PUNCT', 'PRON', 'VERB', 'NOUN', 'ADJ', 'PUNCT', 'VERB', 'DET', 'NOUN', 'ADP', 'ADP', 'NUM', 'NUM', 'NOUN', 'ADP', 'NOUN', 'PUNCT', 'VERB', 'ADP', 'DET', 'NOUN', 'PRON', 'VERB', 'ADP', 'PROPN', 'ADP', 'PROPN', 'PUNCT'], ['cita', 'desmentiu', 'calculado', 'trabalham'], ['em o', 'entanto', ',', 'o', 'publicação', ',', 'que', 'citar', 'autoridade', 'norte-coreano', ',', 'desmentir', 'o', 'número', 'de', 'até', '10', 'mil', 'morto', 'por o', 'inundação', ',', 'calcular', 'por', 'algum', 'ONG', 'que', 'trabalhar', 'em o', 'Coréia', 'de o', 'Norte', '.']], [['Além', 'do', 'número', 'de', 'mortos', 'e', 'desaparecidos', ',', 'o', '""', 'Choson', 'Sinbo', '""', 'acrescenta', 'um', 'total', 'de', '3.043', 'feridos', '.'], ['ADV', 'ADP', 'NOUN', 'ADP', 'NOUN', 'CCONJ', 'VERB', 'PUNCT', 'DET', 'PROPN', 'PROPN', 'PROPN', 'PUNCT', 'VERB', 'DET', 'NOUN', 'ADP', 'NUM', 'NOUN', 'PUNCT'], ['desaparecidos', 'acrescenta'], ['além', 'de o', 'número', 'de', 'morto', 'e', 'desaparecir', ',', 'o', '""', 'Choson', 'Sinbo', '""', 'acrescentar', 'um', 'total', 'de', '3.043', 'ferido', '.']], [['A', 'Federação', 'Internacional', 'da', 'Cruz', 'Vermelha', 'afirmou', 'na', 'sexta-feira', '(', '4', ')', 'que', 'cerca', 'de', '17', 'mil', 'famílias', 'ficaram', 'desabrigadas', 'por', 'causa', 'das', 'inundações', '.'], ['DET', 'PROPN', 'PROPN', 'ADP', 'PROPN', 'PROPN', 'VERB', 'ADP', 'NOUN', 'PUNCT', 'NUM', 'PUNCT', 'PRON', 'ADV', 'ADP', 'NUM', 'NUM', 'NOUN', 'VERB', 'VERB', 'ADP', 'NOUN', 'ADP', 'NOUN', 'PUNCT'], ['afirmou', 'ficaram desabrigadas'], ['o', 'Federação', 'Internacional', 'de o', 'Cruz', 'Vermelha', 'afirmar', 'em o', 'sexta-feira', '(', '4', ')', 'que', 'cerca', 'de', '17', 'mil', 'família', 'ficar', 'desabrigar', 'por', 'causa', 'de o', 'inundação', '.']], [['Apesar', 'de', 'o', 'governo', 'norte-coreano', 'ter', 'rejeitado', 'o', 'envio', 'de', 'ajuda', 'estrangeira', 'para', 'atenuar', 'os', 'danos', 'causados', 'pelas', 'chuvas', 'torrenciais', ',', 'a', 'emissora', 'de', 'TV', 'oficial', 'do', 'país', 'começou', 'a', 'transmitir', 'nos', 'últimos', 'dias', 'notícias', 'sobre', 'a', 'iminente', 'chegada', 'de', 'comida', 'e', 'bens', 'de', 'primeira', 'necessidade', 'do', 'exterior', '.'], ['ADV', 'ADP', 'DET', 'NOUN', 'ADJ', 'AUX', 'VERB', 'DET', 'NOUN', 'ADP', 'NOUN', 'ADJ', 'SCONJ', 'VERB', 'DET', 'NOUN', 'VERB', 'ADP', 'NOUN', 'ADJ', 'PUNCT', 'DET', 'NOUN', 'ADP', 'NOUN', 'ADJ', 'ADP', 'NOUN', 'VERB', 'SCONJ', 'VERB', 'ADP', 'ADJ', 'NOUN', 'NOUN', 'ADP', 'DET', 'ADJ', 'NOUN', 'ADP', 'NOUN', 'CCONJ', 'NOUN', 'ADP', 'ADJ', 'NOUN', 'ADP', 'NOUN', 'PUNCT'], ['ter rejeitado', 'atenuar', 'causados', 'começou a transmitir'], ['apesar', 'de', 'o', 'governo', 'norte-coreano', 'ter', 'rejeitar', 'o', 'envio', 'de', 'ajuda', 'estrangeiro', 'para', 'atenuar', 'o', 'dano', 'causar', 'por o', 'chuva', 'torrencial', ',', 'o', 'emissora', 'de', 'tv', 'oficial', 'de o', 'país', 'começar', 'a', 'transmitir', 'em o', 'último', 'dia', 'notícia', 'sobre', 'o', 'iminente', 'chegada', 'de', 'comida', 'e', 'bem', 'de', 'primeiro', 'necessidade', 'de o', 'exterior', '.']], [['A', 'agência', 'sul-coreana', 'Yonhap', 'disse', 'na', 'sexta-feira', 'que', 'um', 'alto', 'funcionário', 'de', 'Pyongyang', 'pediu', 'o', 'envio', 'urgente', 'de', 'alimentos', 'para', 'seu', 'país', '.'], ['DET', 'NOUN', 'ADJ', 'PROPN', 'VERB', 'ADP', 'NOUN', 'PRON', 'DET', 'ADJ', 'NOUN', 'ADP', 'PROPN', 'VERB', 'DET', 'NOUN', 'ADJ', 'ADP', 'NOUN', 'ADP', 'DET', 'NOUN', 'PUNCT'], ['disse', 'pediu'], ['o', 'agência', 'sul-coreana', 'Yonhap', 'dizer', 'em o', 'sexta-feira', 'que', 'um', 'alto', 'funcionário', 'de', 'Pyongyang', 'pedir', 'o', 'envio', 'urgente', 'de', 'alimento', 'para', 'seu', 'país', '.']], [['As', 'inundações', 'destruíram', 'grande', 'parte', 'dos', 'cultivos', 'de', 'cereais', 'na', 'Coréia', 'do', 'Norte', ',', 'que', 'já', 'sofre', 'com', 'um', 'forte', 'racionamento', '.'], ['DET', 'NOUN', 'VERB', 'ADJ', 'NOUN', 'ADP', 'NOUN', 'ADP', 'NOUN', 'ADP', 'PROPN', 'ADP', 'PROPN', 'PUNCT', 'PRON', 'ADV', 'VERB', 'ADP', 'DET', 'ADJ', 'NOUN', 'PUNCT'], ['destruíram', 'sofre'], ['o', 'inundação', 'destruir', 'grande', 'parte', 'de o', 'cultivo', 'de', 'cereal', 'em o', 'Coréia', 'de o', 'Norte', ',', 'que', 'já', 'sofrer', 'com', 'um', 'forte', 'racionamento', '.']], [['Analistas', 'indicaram', 'nos', 'últimos', 'dias', 'que', 'o', 'país', 'pode', 'passar', 'por', 'outra', 'crise', 'com', 'a', 'falta', 'de', 'alimentos', ',', 'que', 'nos', 'anos', '90', 'matou', 'de', 'fome', 'entre', '1', 'milhão', 'e', '2,5', 'milhões', 'de', 'pessoas', ',', 'segundo', 'diferentes', 'dados', '.'], ['NOUN', 'VERB', 'ADP', 'ADJ', 'NOUN', 'SCONJ', 'DET', 'NOUN', 'VERB', 'VERB', 'ADP', 'DET', 'NOUN', 'ADP', 'DET', 'NOUN', 'ADP', 'NOUN', 'PUNCT', 'PRON', 'ADP', 'NOUN', 'NUM', 'VERB', 'ADP', 'NOUN', 'ADP', 'NUM', 'NUM', 'CCONJ', 'NUM', 'NUM', 'ADP', 'NOUN', 'PUNCT', 'ADP', 'DET', 'NOUN', 'PUNCT'], ['indicaram', 'pode passar', 'matou'], ['analista', 'indicar', 'em o', 'último', 'dia', 'que', 'o', 'país', 'poder', 'passar', 'por', 'outro', 'crise', 'com', 'o', 'falta', 'de', 'alimento', ',', 'que', 'em o', 'ano', '90', 'matar', 'de', 'fome', 'entre', '1', 'milhão', 'e', '2,5', 'milhão', 'de', 'pessoa', ',', 'segundo', 'diferente', 'dado', '.']], [['A', 'Coréia', 'do', 'Sul', 'interrompeu', 'em', 'julho', 'o', 'envio', 'de', 'alimentos', 'ao', 'vizinho', 'do', 'norte', 'depois', 'de', 'o', 'regime', 'comunista', 'disparar', 'sete', 'mísseis', 'balísticos', '.'], ['DET', 'PROPN', 'ADP', 'PROPN', 'VERB', 'ADP', 'NOUN', 'DET', 'NOUN', 'ADP', 'NOUN', 'ADP', 'NOUN', 'ADP', 'NOUN', 'ADV', 'ADP', 'DET', 'NOUN', 'ADJ', 'VERB', 'NUM', 'NOUN', 'ADJ', 'PUNCT'], ['interrompeu', 'disparar'], ['o', 'Coréia', 'de o', 'Sul', 'interromper', 'em', 'julho', 'o', 'envio', 'de', 'alimento', 'a o', 'vizinho', 'de o', 'norte', 'depois', 'de', 'o', 'regime', 'comunista', 'disparar', 'sete', 'mísseis', 'balístico', '.']], [['No', 'entanto', ',', 'depois', 'de', 'conhecer', 'a', 'dimensão', 'das', 'inundações', ',', 'o', 'governo', 'de', 'Seul', 'manifestou', 'sua', 'predisposição', 'em', 'oferecer', 'ajuda', 'à', 'Coréia', 'do', 'Norte', 'caso', 'aconteça', 'uma', 'nova', 'crise', 'alimentícia', '.'], ['ADP', 'NOUN', 'PUNCT', 'ADV', 'ADP', 'VERB', 'DET', 'NOUN', 'ADP', 'NOUN', 'PUNCT', 'DET', 'NOUN', 'ADP', 'PROPN', 'VERB', 'DET', 'NOUN', 'SCONJ', 'VERB', 'NOUN', 'ADP', 'PROPN', 'ADP', 'PROPN', 'SCONJ', 'VERB', 'DET', 'ADJ', 'NOUN', 'ADJ', 'PUNCT'], ['conhecer', 'manifestou', 'oferecer', 'aconteça'], ['em o', 'entanto', ',', 'depois', 'de', 'conhecer', 'o', 'dimensão', 'de o', 'inundação', ',', 'o', 'governo', 'de', 'Seul', 'manifestar', 'seu', 'predisposição', 'em', 'oferecer', 'ajuda', 'a o', 'Coréia', 'de o', 'norte', 'caso', 'acontecer', 'um', 'novo', 'crise', 'alimentícia', '.']]]"
12;[[['Enchentes', 'deixam', '549', 'mortos', 'e', '3.043', 'feridos', 'na', 'Coréia', 'do', 'Norte'], ['NOUN', 'VERB', 'NUM', 'NOUN', 'CCONJ', 'NUM', 'NOUN', 'ADP', 'PROPN', 'ADP', 'PROPN'], ['deixam'], ['enchente', 'deixar', '549', 'morto', 'e', '3.043', 'ferido', 'em o', 'Coréia', 'de o', 'Norte']]]
13;"[[['Já', 'está', 'em', '549', 'mortos', 'e', '295', 'desaparecidas', 'com', 'as', 'inundações', 'que', 'afetaram', 'a', 'Coréia', 'do', 'Norte', ',', 'informou', 'hoje', 'um', 'jornal', 'pró', 'norte-coreano', 'publicado', 'no', 'Japão', ',', 'que', 'citou', 'fontes', 'oficiais', 'de', 'Pyongyang', '.'], ['ADV', 'AUX', 'ADP', 'NUM', 'NOUN', 'CCONJ', 'NUM', 'VERB', 'ADP', 'DET', 'NOUN', 'PRON', 'VERB', 'DET', 'PROPN', 'ADP', 'PROPN', 'PUNCT', 'VERB', 'ADV', 'DET', 'NOUN', 'ADJ', 'NOUN', 'VERB', 'ADP', 'PROPN', 'PUNCT', 'PRON', 'VERB', 'NOUN', 'ADJ', 'ADP', 'PROPN', 'PUNCT'], ['desaparecidas', 'afetaram', 'informou', 'publicado', 'citou'], ['já', 'estar', 'em', '549', 'morto', 'e', '295', 'desaparecir', 'com', 'o', 'inundação', 'que', 'afetar', 'o', 'Coréia', 'de o', 'Norte', ',', 'informar', 'hoje', 'um', 'jornal', 'pró', 'norte-coreano', 'publicar', 'em o', 'Japão', ',', 'que', 'citar', 'fonte', 'oficial', 'de', 'Pyongyang', '.']], [['Segundo', 'o', 'jornal', '""', 'Choson', 'Sinbo', '""', ',', 'publicado', 'pela', 'Associação', 'de', 'Residentes', 'Coreanos', 'no', 'Japão', ',', 'que', 'é', 'próxima', 'ao', 'regime', 'comunista', 'da', 'Coréia', 'do', 'Norte', ',', 'as', 'fortes', 'chuvas', 'que', 'alagaram', 'grande', 'parte', 'desse', 'país', 'na', 'segunda', 'metade', 'de', 'julho', 'provocaram', '""', 'muitos', 'danos', '""', '.'], ['ADP', 'DET', 'NOUN', 'PUNCT', 'PROPN', 'PROPN', 'PUNCT', 'PUNCT', 'VERB', 'ADP', 'PROPN', 'ADP', 'PROPN', 'PROPN', 'ADP', 'PROPN', 'PUNCT', 'PRON', 'AUX', 'ADJ', 'ADP', 'NOUN', 'ADJ', 'ADP', 'PROPN', 'ADP', 'PROPN', 'PUNCT', 'DET', 'ADJ', 'NOUN', 'PRON', 'VERB', 'ADJ', 'NOUN', 'ADP', 'NOUN', 'ADP', 'ADJ', 'NOUN', 'ADP', 'NOUN', 'VERB', 'PUNCT', 'DET', 'NOUN', 'PUNCT', 'PUNCT'], ['publicado', 'alagaram', 'provocaram'], ['segundo', 'o', 'jornal', '""', 'Choson', 'Sinbo', '""', ',', 'publicar', 'por o', 'Associação', 'de', 'Residentes', 'Coreanos', 'em o', 'Japão', ',', 'que', 'ser', 'próximo', 'a o', 'regime', 'comunista', 'de o', 'Coréia', 'de o', 'Norte', ',', 'o', 'forte', 'chuva', 'que', 'alagar', 'grande', 'parte', 'de esse', 'país', 'em o', 'segundo', 'metade', 'de', 'julho', 'provocar', '""', 'muito', 'dano', '""', '.']], [['No', 'entanto', ',', 'a', 'publicação', ',', 'que', 'cita', 'autoridades', 'norte-coreanas', ',', 'desmentiu', 'o', 'número', 'de', 'até', '10', 'mil', 'mortos', 'pelas', 'inundações', ',', 'calculado', 'por', 'algumas', 'ONGs', 'que', 'trabalham', 'na', 'Coréia', 'do', 'Norte', '.'], ['ADP', 'NOUN', 'PUNCT', 'DET', 'NOUN', 'PUNCT', 'PRON', 'VERB', 'NOUN', 'ADJ', 'PUNCT', 'VERB', 'DET', 'NOUN', 'ADP', 'ADP', 'NUM', 'NUM', 'NOUN', 'ADP', 'NOUN', 'PUNCT', 'VERB', 'ADP', 'DET', 'NOUN', 'PRON', 'VERB', 'ADP', 'PROPN', 'ADP', 'PROPN', 'PUNCT'], ['cita', 'desmentiu', 'calculado', 'trabalham'], ['em o', 'entanto', ',', 'o', 'publicação', ',', 'que', 'citar', 'autoridade', 'norte-coreano', ',', 'desmentir', 'o', 'número', 'de', 'até', '10', 'mil', 'morto', 'por o', 'inundação', ',', 'calcular', 'por', 'algum', 'ONG', 'que', 'trabalhar', 'em o', 'Coréia', 'de o', 'Norte', '.']], [['Além', 'do', 'número', 'de', 'mortos', 'e', 'desaparecidos', ',', 'o', '""', 'Choson', 'Sinbo', '""', 'acrescenta', 'um', 'total', 'de', '3.043', 'feridos', '.'], ['ADV', 'ADP', 'NOUN', 'ADP', 'NOUN', 'CCONJ', 'VERB', 'PUNCT', 'DET', 'PROPN', 'PROPN', 'PROPN', 'PUNCT', 'VERB', 'DET', 'NOUN', 'ADP', 'NUM', 'NOUN', 'PUNCT'], ['desaparecidos', 'acrescenta'], ['além', 'de o', 'número', 'de', 'morto', 'e', 'desaparecir', ',', 'o', '""', 'Choson', 'Sinbo', '""', 'acrescentar', 'um', 'total', 'de', '3.043', 'ferido', '.']], [['A', 'Federação', 'Internacional', 'da', 'Cruz', 'Vermelha', 'indicou', 'na', 'sexta-feira', 'que', 'cerca', 'de', '17', 'mil', 'famílias', 'ficaram', 'desabrigadas', 'por', 'causa', 'das', 'inundações', '.'], ['DET', 'PROPN', 'PROPN', 'ADP', 'PROPN', 'PROPN', 'VERB', 'ADP', 'NOUN', 'PRON', 'ADV', 'ADP', 'NUM', 'NUM', 'NOUN', 'VERB', 'VERB', 'ADP', 'NOUN', 'ADP', 'NOUN', 'PUNCT'], ['indicou', 'ficaram desabrigadas'], ['o', 'Federação', 'Internacional', 'de o', 'Cruz', 'Vermelha', 'indicar', 'em o', 'sexta-feira', 'que', 'cerca', 'de', '17', 'mil', 'família', 'ficar', 'desabrigar', 'por', 'causa', 'de o', 'inundação', '.']], [['Apesar', 'de', 'o', 'Governo', 'norte-coreano', 'ter', 'rejeitado', 'o', 'envio', 'de', 'ajuda', 'estrangeira', 'para', 'atenuar', 'os', 'danos', 'causados', 'pelas', 'chuvas', 'torrenciais', ',', 'a', 'emissora', 'de', 'TV', 'oficial', 'do', 'país', 'começou', 'a', 'transmitir', 'nos', 'últimos', 'dias', 'notícias', 'sobre', 'a', 'iminente', 'chegada', 'de', 'comida', 'e', 'bens', 'de', 'primeira', 'necessidade', 'do', 'exterior', '.'], ['ADV', 'ADP', 'DET', 'PROPN', 'ADJ', 'AUX', 'VERB', 'DET', 'NOUN', 'ADP', 'NOUN', 'ADJ', 'SCONJ', 'VERB', 'DET', 'NOUN', 'VERB', 'ADP', 'NOUN', 'ADJ', 'PUNCT', 'DET', 'NOUN', 'ADP', 'NOUN', 'ADJ', 'ADP', 'NOUN', 'VERB', 'SCONJ', 'VERB', 'ADP', 'ADJ', 'NOUN', 'NOUN', 'ADP', 'DET', 'ADJ', 'NOUN', 'ADP', 'NOUN', 'CCONJ', 'NOUN', 'ADP', 'ADJ', 'NOUN', 'ADP', 'NOUN', 'PUNCT'], ['ter rejeitado', 'atenuar', 'causados', 'começou a transmitir'], ['apesar', 'de', 'o', 'Governo', 'norte-coreano', 'ter', 'rejeitar', 'o', 'envio', 'de', 'ajuda', 'estrangeiro', 'para', 'atenuar', 'o', 'dano', 'causar', 'por o', 'chuva', 'torrencial', ',', 'o', 'emissora', 'de', 'tv', 'oficial', 'de o', 'país', 'começar', 'a', 'transmitir', 'em o', 'último', 'dia', 'notícia', 'sobre', 'o', 'iminente', 'chegada', 'de', 'comida', 'e', 'bem', 'de', 'primeiro', 'necessidade', 'de o', 'exterior', '.']], [['A', 'agência', 'sul-coreana', '""', 'Yonhap', '""', 'disse', 'na', 'sexta-feira', 'que', 'um', 'alto', 'funcionário', 'de', 'Pyongyang', 'pediu', 'o', 'envio', 'urgente', 'de', 'alimentos', 'para', 'seu', 'país', '.'], ['DET', 'NOUN', 'ADJ', 'PUNCT', 'PROPN', 'PUNCT', 'VERB', 'ADP', 'NOUN', 'PRON', 'DET', 'ADJ', 'NOUN', 'ADP', 'PROPN', 'VERB', 'DET', 'NOUN', 'ADJ', 'ADP', 'NOUN', 'ADP', 'DET', 'NOUN', 'PUNCT'], ['disse', 'pediu'], ['o', 'agência', 'sul-coreana', '""', 'Yonhap', '""', 'dizer', 'em o', 'sexta-feira', 'que', 'um', 'alto', 'funcionário', 'de', 'Pyongyang', 'pedir', 'o', 'envio', 'urgente', 'de', 'alimento', 'para', 'seu', 'país', '.']], [['As', 'inundações', 'destruíram', 'grande', 'parte', 'dos', 'cultivos', 'de', 'cereais', 'na', 'Coréia', 'do', 'Norte', ',', 'que', 'já', 'sofre', 'com', 'um', 'forte', 'racionamento', '.'], ['DET', 'NOUN', 'VERB', 'ADJ', 'NOUN', 'ADP', 'NOUN', 'ADP', 'NOUN', 'ADP', 'PROPN', 'ADP', 'PROPN', 'PUNCT', 'PRON', 'ADV', 'VERB', 'ADP', 'DET', 'ADJ', 'NOUN', 'PUNCT'], ['destruíram', 'sofre'], ['o', 'inundação', 'destruir', 'grande', 'parte', 'de o', 'cultivo', 'de', 'cereal', 'em o', 'Coréia', 'de o', 'Norte', ',', 'que', 'já', 'sofrer', 'com', 'um', 'forte', 'racionamento', '.']], [['Analistas', 'indicaram', 'nos', 'últimos', 'dias', 'que', 'o', 'país', 'pode', 'passar', 'por', 'outra', 'crise', 'com', 'a', 'falta', 'de', 'alimentos', ',', 'que', 'nos', 'anos', '90', 'matou', 'de', 'fome', 'entre', 'um', 'milhão', 'e', '2,5', 'milhões', 'de', 'pessoas', ',', 'segundo', 'diferentes', 'dados', '.'], ['NOUN', 'VERB', 'ADP', 'ADJ', 'NOUN', 'SCONJ', 'DET', 'NOUN', 'VERB', 'VERB', 'ADP', 'DET', 'NOUN', 'ADP', 'DET', 'NOUN', 'ADP', 'NOUN', 'PUNCT', 'PRON', 'ADP', 'NOUN', 'NUM', 'VERB', 'ADP', 'NOUN', 'ADP', 'NUM', 'NUM', 'CCONJ', 'NUM', 'NUM', 'ADP', 'NOUN', 'PUNCT', 'ADP', 'DET', 'NOUN', 'PUNCT'], ['indicaram', 'pode passar', 'matou'], ['analista', 'indicar', 'em o', 'último', 'dia', 'que', 'o', 'país', 'poder', 'passar', 'por', 'outro', 'crise', 'com', 'o', 'falta', 'de', 'alimento', ',', 'que', 'em o', 'ano', '90', 'matar', 'de', 'fome', 'entre', 'um', 'milhão', 'e', '2,5', 'milhão', 'de', 'pessoa', ',', 'segundo', 'diferente', 'dado', '.']], [['A', 'Coréia', 'do', 'Sul', 'interrompeu', 'em', 'julho', 'o', 'envio', 'de', 'alimentos', 'ao', 'vizinho', 'do', 'norte', 'depois', 'de', 'o', 'regime', 'comunista', 'disparar', 'sete', 'mísseis', 'balísticos', 'em', 'um', 'gesto', 'de', 'desafio', '.'], ['DET', 'PROPN', 'ADP', 'PROPN', 'VERB', 'ADP', 'NOUN', 'DET', 'NOUN', 'ADP', 'NOUN', 'ADP', 'NOUN', 'ADP', 'NOUN', 'ADV', 'ADP', 'DET', 'NOUN', 'ADJ', 'VERB', 'NUM', 'NOUN', 'ADJ', 'ADP', 'DET', 'NOUN', 'ADP', 'NOUN', 'PUNCT'], ['interrompeu', 'disparar'], ['o', 'Coréia', 'de o', 'Sul', 'interromper', 'em', 'julho', 'o', 'envio', 'de', 'alimento', 'a o', 'vizinho', 'de o', 'norte', 'depois', 'de', 'o', 'regime', 'comunista', 'disparar', 'sete', 'mísseis', 'balístico', 'em', 'um', 'gesto', 'de', 'desafio', '.']], [['No', 'entanto', ',', 'depois', 'de', 'conhecer', 'a', 'dimensão', 'das', 'inundações', ',', 'o', 'Governo', 'de', 'Seul', 'manifestou', 'sua', 'predisposição', 'em', 'oferecer', 'ajuda', 'à', 'Coréia', 'do', 'Norte', 'caso', 'aconteça', 'uma', 'nova', 'crise', 'alimentícia', '.'], ['ADP', 'NOUN', 'PUNCT', 'ADV', 'ADP', 'VERB', 'DET', 'NOUN', 'ADP', 'NOUN', 'PUNCT', 'DET', 'PROPN', 'ADP', 'PROPN', 'VERB', 'DET', 'NOUN', 'SCONJ', 'VERB', 'NOUN', 'ADP', 'PROPN', 'ADP', 'PROPN', 'SCONJ', 'VERB', 'DET', 'ADJ', 'NOUN', 'ADJ', 'PUNCT'], ['conhecer', 'manifestou', 'oferecer', 'aconteça'], ['em o', 'entanto', ',', 'depois', 'de', 'conhecer', 'o', 'dimensão', 'de o', 'inundação', ',', 'o', 'Governo', 'de', 'Seul', 'manifestar', 'seu', 'predisposição', 'em', 'oferecer', 'ajuda', 'a o', 'Coréia', 'de o', 'norte', 'caso', 'acontecer', 'um', 'novo', 'crise', 'alimentícia', '.']]]"
14;[[['Mais', 'de', '500', 'pessoas', 'morreram', 'em', 'inundações', 'na', 'Coréia', 'do', 'Norte'], ['ADV', 'ADP', 'NUM', 'NOUN', 'VERB', 'ADP', 'NOUN', 'ADP', 'PROPN', 'ADP', 'PROPN'], ['morreram'], ['mais', 'de', '500', 'pessoa', 'morrer', 'em', 'inundação', 'em o', 'Coréia', 'de o', 'Norte']]]
15;"[[['Ao', 'menos', '549', 'pessoas', 'morreram', 'e', 'outras', '295', 'ainda', 'estão', 'desaparecidas', 'em', 'conseqüência', 'das', 'enchentes', 'que', 'atingiram', 'a', 'Coréia', 'do', 'Norte', 'em', 'julho', ',', 'segundo', 'um', 'jornal', 'japonês', 'pró-Pyongyang', '.'], ['ADP', 'ADV', 'NUM', 'NOUN', 'VERB', 'CCONJ', 'DET', 'NUM', 'ADV', 'AUX', 'ADJ', 'ADP', 'NOUN', 'ADP', 'NOUN', 'PRON', 'VERB', 'DET', 'PROPN', 'ADP', 'PROPN', 'ADP', 'NOUN', 'PUNCT', 'ADP', 'DET', 'NOUN', 'ADJ', 'PROPN', 'PUNCT'], ['morreram', 'atingiram'], ['ao', 'menos', '549', 'pessoa', 'morrer', 'e', 'outro', '295', 'ainda', 'estar', 'desaparecido', 'em', 'conseqüência', 'de o', 'enchente', 'que', 'atingir', 'o', 'Coréia', 'de o', 'Norte', 'em', 'julho', ',', 'segundo', 'um', 'jornal', 'japonês', 'pró-Pyongyang', '.']], [['A', 'mídia', 'norte-coreana', 'já', 'havia', 'confirmado', '""', 'centenas', '""', 'de', 'mortes', 'provocadas', 'pelas', 'chuvas', 'fortes', 'que', 'atingiram', 'o', 'país', 'durante', 'vários', 'dias', 'no', 'mês', 'passado', '.'], ['DET', 'NOUN', 'ADJ', 'ADV', 'AUX', 'VERB', 'PUNCT', 'NOUN', 'PUNCT', 'ADP', 'NOUN', 'VERB', 'ADP', 'NOUN', 'ADJ', 'PRON', 'VERB', 'DET', 'NOUN', 'ADP', 'DET', 'NOUN', 'ADP', 'NOUN', 'ADJ', 'PUNCT'], ['havia confirmado', 'provocadas', 'atingiram'], ['o', 'mídia', 'norte-coreano', 'já', 'haver', 'confirmar', '""', 'centena', '""', 'de', 'morte', 'provocar', 'por o', 'chuva', 'forte', 'que', 'atingir', 'o', 'país', 'durante', 'vários', 'dia', 'em o', 'mês', 'passado', '.']], [['Mas', 'os', 'números', 'publicados', 'pelo', 'diário', 'japonês', 'Chosun', 'Shinbo', 'são', 'os', 'mais', 'específicos', 'já', 'divulgados', 'em', 'relação', 'à', 'extensão', 'do', 'desastre', '.'], ['CCONJ', 'DET', 'NOUN', 'VERB', 'ADP', 'NOUN', 'ADJ', 'PROPN', 'PROPN', 'AUX', 'DET', 'ADV', 'ADJ', 'ADV', 'VERB', 'ADP', 'NOUN', 'ADP', 'NOUN', 'ADP', 'NOUN', 'PUNCT'], ['publicados', 'específicos', 'divulgados'], ['mas', 'o', 'número', 'publicar', 'por o', 'diário', 'japonês', 'Chosun', 'Shinbo', 'ser', 'o', 'mais', 'específico', 'já', 'divulgar', 'em', 'relação', 'a o', 'extensão', 'de o', 'desastre', '.']], [['No', 'mês', 'passado', ',', 'a', 'FAO', '(', 'agência', 'da', 'ONU', 'para', 'alimentação', ')', 'estimou', 'que', 'cerca', 'de', '60', 'mil', 'pessoas', 'haviam', 'sido', 'desabrigadas', 'pelas', 'chuvas', 'na', 'Coréia', 'do', 'Norte', '.'], ['ADP', 'NOUN', 'ADJ', 'PUNCT', 'DET', 'PROPN', 'PUNCT', 'PROPN', 'ADP', 'PROPN', 'ADP', 'NOUN', 'PUNCT', 'VERB', 'SCONJ', 'ADV', 'ADP', 'NUM', 'NUM', 'NOUN', 'AUX', 'AUX', 'VERB', 'ADP', 'NOUN', 'ADP', 'PROPN', 'ADP', 'PROPN', 'PUNCT'], ['estimou', 'haviam sido desabrigadas'], ['em o', 'mês', 'passado', ',', 'o', 'FAO', '(', 'agência', 'de o', 'ONU', 'para', 'alimentação', ')', 'estimar', 'que', 'cerca', 'de', '60', 'mil', 'pessoa', 'haver', 'ser', 'desabrigar', 'por o', 'chuva', 'em o', 'Coréia', 'de o', 'Norte', '.']], [['Mais', 'de', '7', 'mil', 'casas', 'foram', 'destruídas', 'ou', 'danificadas', ',', 'segundo', 'o', 'Chosun', 'Shinbo', ',', 'e', 'quase', '16', 'mil', 'hectares', 'de', 'terra', 'cultivada', 'foram', 'inundadas', '.'], ['ADV', 'ADP', 'NUM', 'NUM', 'NOUN', 'AUX', 'VERB', 'CCONJ', 'VERB', 'PUNCT', 'ADP', 'DET', 'PROPN', 'PROPN', 'PUNCT', 'CCONJ', 'ADV', 'NUM', 'NUM', 'NOUN', 'ADP', 'NOUN', 'VERB', 'AUX', 'VERB', 'PUNCT'], ['foram destruídas', 'danificadas', 'cultivada foram', 'inundadas'], ['mais', 'de', '7', 'mil', 'casa', 'ser', 'destruír', 'ou', 'danificar', ',', 'segundo', 'o', 'Chosun', 'Shinbo', ',', 'e', 'quase', '16', 'mil', 'hectare', 'de', 'terra', 'cultivar', 'ser', 'inundar', '.']], [['""'], ['PUNCT'], [], ['""']], [['Esforços', 'de', 'recuperação', 'estão', 'ocorrendo', 'em', 'uma', 'velocidade', 'rápida', '""', ',', 'disse', 'o', 'jornal', 'em', 'sua', 'página', 'na', 'internet', '.'], ['NOUN', 'ADP', 'NOUN', 'AUX', 'VERB', 'ADP', 'DET', 'NOUN', 'ADJ', 'PUNCT', 'PUNCT', 'VERB', 'DET', 'NOUN', 'ADP', 'DET', 'NOUN', 'ADP', 'PROPN', 'PUNCT'], ['estão ocorrendo', 'disse'], ['esforço', 'de', 'recuperação', 'estar', 'ocorrer', 'em', 'um', 'velocidade', 'rápido', '""', ',', 'dizer', 'o', 'jornal', 'em', 'seu', 'página', 'em o', 'Internet', '.']], [['Na', 'Coréia', 'do', 'Sul', ',', 'o', 'líder', 'do', 'opositor', 'Grande', 'Partido', 'Nacional', ',', 'Kang', 'Jae-sup', ',', 'pediu', 'o', 'estabelecimento', 'de', 'uma', 'missão', 'de', 'investigação', 'para', 'ser', 'enviada', 'ao', 'país', 'comunista', 'para', 'determinar', 'a', 'extensão', 'real', 'dos', 'estragos', ',', 'segundo', 'a', 'agência', 'de', 'notícias', 'Yonhap', '.'], ['ADP', 'PROPN', 'ADP', 'PROPN', 'PUNCT', 'DET', 'NOUN', 'ADP', 'NOUN', 'PROPN', 'PROPN', 'PROPN', 'PUNCT', 'PROPN', 'PROPN', 'PUNCT', 'VERB', 'DET', 'NOUN', 'ADP', 'DET', 'NOUN', 'ADP', 'NOUN', 'SCONJ', 'AUX', 'VERB', 'ADP', 'NOUN', 'ADJ', 'SCONJ', 'VERB', 'DET', 'NOUN', 'ADJ', 'ADP', 'NOUN', 'PUNCT', 'ADP', 'DET', 'NOUN', 'ADP', 'NOUN', 'PROPN', 'PUNCT'], ['pediu', 'ser enviada', 'determinar'], ['em o', 'Coréia', 'de o', 'Sul', ',', 'o', 'líder', 'de o', 'opositor', 'Grande', 'Partido', 'Nacional', ',', 'Kang', 'Jae-sup', ',', 'pedir', 'o', 'estabelecimento', 'de', 'um', 'missão', 'de', 'investigação', 'para', 'ser', 'enviar', 'a o', 'país', 'comunista', 'para', 'determinar', 'o', 'extensão', 'real', 'de o', 'estrago', ',', 'segundo', 'o', 'agência', 'de', 'notícia', 'Yonhap', '.']], [['Um', 'grupo', 'de', 'ativistas', 'sugeriu', 'que', 'o', 'número', 'de', 'mortos', 'ou', 'desaparecidos', 'pode', 'chegar', 'a', '10', 'mil', ',', 'mas', 'não', 'revelou', 'de', 'onde', 'obteve', 'a', 'informação', '.'], ['DET', 'NOUN', 'ADP', 'NOUN', 'VERB', 'SCONJ', 'DET', 'NOUN', 'ADP', 'NOUN', 'CCONJ', 'VERB', 'VERB', 'VERB', 'ADP', 'NUM', 'NUM', 'PUNCT', 'CCONJ', 'ADV', 'VERB', 'ADP', 'PRON', 'VERB', 'DET', 'NOUN', 'PUNCT'], ['sugeriu', 'desaparecidos pode chegar', 'revelou', 'obteve'], ['um', 'grupo', 'de', 'ativista', 'sugerir', 'que', 'o', 'número', 'de', 'morto', 'ou', 'desaparecir', 'poder', 'chegar', 'a', '10', 'mil', ',', 'mas', 'não', 'revelar', 'de', 'onde', 'obter', 'o', 'informação', '.']], [['O', 'regime', 'norte-coreano', 'costuma', 'manter', 'segredo', 'sobre', 'detalhes', 'de', 'acidentes', 'ou', 'desastres', 'naturais', ',', 'tornando', 'difícil', 'a', 'confirmação', 'de', 'qualquer', 'informação', 'desse', 'tipo', '.'], ['DET', 'NOUN', 'ADJ', 'VERB', 'VERB', 'NOUN', 'ADP', 'NOUN', 'ADP', 'NOUN', 'CCONJ', 'NOUN', 'ADJ', 'PUNCT', 'VERB', 'ADJ', 'DET', 'NOUN', 'ADP', 'DET', 'NOUN', 'ADP', 'NOUN', 'PUNCT'], ['costuma manter', 'tornando'], ['o', 'regime', 'norte-coreano', 'costumar', 'manter', 'segredo', 'sobre', 'detalhe', 'de', 'acidente', 'ou', 'desastr', 'natural', ',', 'tornar', 'difícil', 'o', 'confirmação', 'de', 'qualquer', 'informação', 'de esse', 'tipo', '.']], [['Mas', 'as', 'autoridades', 'norte-coreanas', 'cancelaram', 'uma', 'grande', 'apresentação', 'de', 'ginástica', ',', 'chamada', 'Arirang', ',', 'que', 'é', 'uma', 'importante', 'fonte', 'de', 'recursos', 'para', 'o', 'país', ',', 'para', 'se', 'concentrar', 'nos', 'esforços', 'de', 'recuperação', 'após', 'as', 'enchentes', '.'], ['CCONJ', 'DET', 'NOUN', 'ADJ', 'VERB', 'DET', 'ADJ', 'NOUN', 'ADP', 'NOUN', 'PUNCT', 'VERB', 'PROPN', 'PUNCT', 'PRON', 'AUX', 'DET', 'ADJ', 'NOUN', 'ADP', 'NOUN', 'ADP', 'DET', 'NOUN', 'PUNCT', 'SCONJ', 'PRON', 'VERB', 'ADP', 'NOUN', 'ADP', 'NOUN', 'ADP', 'DET', 'NOUN', 'PUNCT'], ['cancelaram', 'chamada', 'concentrar'], ['mas', 'o', 'autoridade', 'norte-coreanas', 'cancelar', 'um', 'grande', 'apresentação', 'de', 'ginástica', ',', 'chamar', 'Arirang', ',', 'que', 'ser', 'um', 'importante', 'fonte', 'de', 'recurso', 'para', 'o', 'país', ',', 'para', 'se', 'concentrar', 'em o', 'esforço', 'de', 'recuperação', 'após', 'o', 'enchente', '.']], [['A', 'Coréia', 'do', 'Norte', 'recusou', 'ofertas', 'de', 'agências', 'internacionais', 'para', 'o', 'lançamento', 'de', 'campanhas', 'de', 'ajuda', 'ao', 'país', ',', 'mas', 'uma', 'autoridade', 'local', 'disse', 'na', 'semana', 'passada', 'que', 'Pyongyang', 'aceitaria', 'ajuda', 'da', 'Coréia', 'do', 'Sul', 'se', 'fosse', 'dada', 'sem', 'condições', '.'], ['DET', 'PROPN', 'ADP', 'PROPN', 'VERB', 'NOUN', 'ADP', 'NOUN', 'ADJ', 'ADP', 'DET', 'NOUN', 'ADP', 'NOUN', 'ADP', 'NOUN', 'ADP', 'NOUN', 'PUNCT', 'CCONJ', 'DET', 'NOUN', 'ADJ', 'VERB', 'ADP', 'NOUN', 'ADJ', 'SCONJ', 'PROPN', 'VERB', 'NOUN', 'ADP', 'PROPN', 'ADP', 'PROPN', 'SCONJ', 'AUX', 'VERB', 'ADP', 'NOUN', 'PUNCT'], ['recusou', 'disse', 'aceitaria', 'fosse dada'], ['o', 'Coréia', 'de o', 'Norte', 'recusar', 'oferta', 'de', 'agência', 'internacional', 'para', 'o', 'lançamento', 'de', 'campanha', 'de', 'ajuda', 'a o', 'país', ',', 'mas', 'um', 'autoridade', 'local', 'dizer', 'em o', 'semana', 'passado', 'que', 'Pyongyang', 'aceitar', 'ajuda', 'de o', 'Coréia', 'de o', 'Sul', 'se', 'ser', 'dar', 'sem', 'condição', '.']], [['A', 'Coréia', 'do', 'Sul', 'suspendeu', 'o', 'envio', 'de', 'alimentos', 'ao', 'norte', 'por', 'causa', 'de', 'suas', 'preocupações', 'sobre', 'a', 'paralisação', 'nas', 'negociações', 'sobre', 'o', 'programa', 'nuclear', 'norte-coreano', 'e', 'os', 'recentes', 'testes', 'de', 'mísseis', 'realizados', 'por', 'Pyongyang', '.'], ['DET', 'PROPN', 'ADP', 'PROPN', 'VERB', 'DET', 'NOUN', 'ADP', 'NOUN', 'ADP', 'NOUN', 'ADP', 'NOUN', 'ADP', 'DET', 'NOUN', 'ADP', 'DET', 'NOUN', 'ADP', 'NOUN', 'ADP', 'DET', 'NOUN', 'ADJ', 'ADJ', 'CCONJ', 'DET', 'ADJ', 'NOUN', 'ADP', 'NOUN', 'VERB', 'ADP', 'PROPN', 'PUNCT'], ['suspendeu', 'realizados'], ['o', 'Coréia', 'de o', 'Sul', 'suspender', 'o', 'envio', 'de', 'alimento', 'a o', 'norte', 'por', 'causa', 'de', 'seu', 'preocupação', 'sobre', 'o', 'paralisação', 'em o', 'negociação', 'sobre', 'o', 'programa', 'nuclear', 'norte-coreano', 'e', 'o', 'recente', 'teste', 'de', 'míssel', 'realizar', 'por', 'Pyongyang', '.']]]"
16;"[[['Enchentes', 'na', 'Coréia', 'do', 'Norte', ""'"", 'mataram', '549', ""'""], ['NOUN', 'ADP', 'PROPN', 'ADP', 'PROPN', 'PUNCT', 'VERB', 'NUM', 'PUNCT'], ['mataram'], ['enchente', 'em o', 'Coréia', 'de o', 'Norte', ""'"", 'matar', '549', ""'""]]]"
17;"[[['Quinze', 'voluntários', 'da', 'ONG', 'francesa'], ['NUM', 'NOUN', 'ADP', 'PROPN', 'ADJ'], [], ['quinze', 'voluntário', 'de o', 'ONG', 'francês']], [['Ação'], ['NOUN'], [], ['ação']], [['Contra', 'a', 'Fome', '(', 'ACF', ')'], ['ADP', 'PROPN', 'PROPN', 'PUNCT', 'PROPN', 'PUNCT'], [], ['contra', 'a', 'Fome', '(', 'ACF', ')']], [['foram', 'assassinados', 'no', 'nordeste', 'do', 'Sri', 'Lanka', ',', 'informou', 'hoje', 'um', 'porta-voz', 'da', 'organização', '.'], ['AUX', 'VERB', 'ADP', 'NOUN', 'ADP', 'PROPN', 'PROPN', 'PUNCT', 'VERB', 'ADV', 'DET', 'NOUN', 'ADP', 'NOUN', 'PUNCT'], ['foram assassinados', 'informou'], ['ser', 'assassinar', 'em o', 'nordeste', 'de o', 'Sri', 'Lanka', ',', 'informar', 'hoje', 'um', 'porta-voz', 'de o', 'organização', '.']], [['Os', 'crimes', 'aconteceram', 'na', 'cidade', 'de', 'Muttur', ',', 'que', 'durante', 'as', 'últimas', 'duas', 'semanas', 'vive', 'graves', 'conflitos', 'entre', 'as', 'tropas', 'do', 'Exército', 'do', 'Sri', 'Lanka', 'e', 'a', 'guerrilha', 'dos', 'Tigres', 'de', 'Libertação', 'da', 'Pátria', 'Tâmil', '(', 'LTTE', ')', '.'], ['DET', 'NOUN', 'VERB', 'ADP', 'NOUN', 'ADP', 'PROPN', 'PUNCT', 'PRON', 'ADP', 'DET', 'ADJ', 'NUM', 'NOUN', 'VERB', 'ADJ', 'NOUN', 'ADP', 'DET', 'NOUN', 'ADP', 'PROPN', 'ADP', 'PROPN', 'PROPN', 'CCONJ', 'DET', 'NOUN', 'ADP', 'PROPN', 'ADP', 'PROPN', 'ADP', 'PROPN', 'PROPN', 'PUNCT', 'PROPN', 'PUNCT', 'PUNCT'], ['aconteceram', 'vive'], ['o', 'crime', 'acontecer', 'em o', 'cidade', 'de', 'Muttur', ',', 'que', 'durante', 'o', 'último', 'dois', 'semana', 'viver', 'grave', 'conflito', 'entre', 'o', 'tropa', 'de o', 'exército', 'de o', 'Sri', 'Lanka', 'e', 'o', 'guerrilha', 'de o', 'Tigres', 'de', 'Libertação', 'de o', 'Pátria', 'Tâmil', '(', 'LTTE', ')', '.']], [['Os', 'corpos', 'de', '11', 'homens', 'e', '4', 'mulheres', 'de', 'etnia', 'tâmil', ',', 'vestidos', 'com', 'camisetas', 'da', 'ACF', ',', 'apareceram', 'na', 'semana', 'passada', 'no', 'escritório', 'da', 'organização', '.'], ['DET', 'NOUN', 'ADP', 'NUM', 'NOUN', 'CCONJ', 'NUM', 'NOUN', 'ADP', 'NOUN', 'ADJ', 'PUNCT', 'VERB', 'ADP', 'NOUN', 'ADP', 'PROPN', 'PUNCT', 'VERB', 'ADP', 'NOUN', 'ADJ', 'ADP', 'NOUN', 'ADP', 'NOUN', 'PUNCT'], ['vestidos', 'apareceram'], ['o', 'corpo', 'de', '11', 'homem', 'e', '4', 'mulher', 'de', 'etnia', 'tâmil', ',', 'vestir', 'com', 'camiseta', 'de o', 'ACF', ',', 'aparecer', 'em o', 'semana', 'passado', 'em o', 'escritório', 'de o', 'organização', '.']], [['O', 'diretor', 'da', 'ACF', 'no', 'Sri', 'Lanka', ',', 'Benoit', 'Miribel', ',', 'confirmou', 'a', 'morte', 'de', 'seus', 'funcionários', 'e', 'afirmou', ',', 'comovido', ',', 'que', 'a', 'ONG', '""', 'não', 'sofreu', 'uma', 'perda', 'similar', 'em', 'seus', 'mais', 'de', '25', 'anos', 'de', 'existência', '""', '.'], ['DET', 'NOUN', 'ADP', 'PROPN', 'ADP', 'PROPN', 'PROPN', 'PUNCT', 'PROPN', 'PROPN', 'PUNCT', 'VERB', 'DET', 'NOUN', 'ADP', 'DET', 'NOUN', 'CCONJ', 'VERB', 'PUNCT', 'VERB', 'PUNCT', 'SCONJ', 'DET', 'PROPN', 'PUNCT', 'ADV', 'VERB', 'DET', 'NOUN', 'ADJ', 'ADP', 'DET', 'ADV', 'ADP', 'NUM', 'NOUN', 'ADP', 'NOUN', 'PUNCT', 'PUNCT'], ['confirmou', 'afirmou', 'comovido', 'sofreu'], ['o', 'diretor', 'de o', 'ACF', 'em o', 'Sri', 'Lanka', ',', 'Benoit', 'Miribel', ',', 'confirmar', 'o', 'morte', 'de', 'seu', 'funcionário', 'e', 'afirmar', ',', 'comover', ',', 'que', 'o', 'ONG', '""', 'não', 'sofrer', 'um', 'perda', 'similar', 'em', 'seu', 'mais', 'de', '25', 'ano', 'de', 'existência', '""', '.']], [['""'], ['PUNCT'], [], ['""']], [['Tentamos', 'enviar', 'uma', 'equipe', 'a', 'Muttur', 'para', 'averiguar', 'o', 'que', 'está', 'acontecendo', ',', 'mas', 'os', 'soldados', 'não', 'permitiram', 'que', 'entrássemos', 'na', 'cidade', ',', 'que', 'está', 'totalmente', 'bloqueada', '""', ',', 'afirmou', '.'], ['VERB', 'VERB', 'DET', 'NOUN', 'ADP', 'PROPN', 'SCONJ', 'VERB', 'PRON', 'PRON', 'AUX', 'VERB', 'PUNCT', 'CCONJ', 'DET', 'NOUN', 'ADV', 'VERB', 'SCONJ', 'VERB', 'ADP', 'NOUN', 'PUNCT', 'PRON', 'AUX', 'ADV', 'VERB', 'PUNCT', 'PUNCT', 'VERB', 'PUNCT'], ['Tentamos enviar', 'averiguar', 'está acontecendo', 'permitiram', 'entrássemos', 'bloqueada', 'afirmou'], ['Tentamos', 'enviar', 'um', 'equipe', 'a', 'Muttur', 'para', 'averiguar', 'o', 'que', 'estar', 'acontecer', ',', 'mas', 'o', 'soldado', 'não', 'permitir', 'que', 'entráss', 'em o', 'cidade', ',', 'que', 'estar', 'totalmente', 'bloquear', '""', ',', 'afirmar', '.']], [['Até', 'o', 'momento', ',', 'as', 'autoridades', 'do', 'Sri', 'Lanka', 'não', 'confirmaram', 'as', 'mortes', 'ou', 'esclareceram', 'o', 'que', 'acontece', 'na', 'cidade', 'de', 'Muttur', '.'], ['ADP', 'DET', 'NOUN', 'PUNCT', 'DET', 'NOUN', 'ADP', 'PROPN', 'PROPN', 'ADV', 'VERB', 'DET', 'NOUN', 'CCONJ', 'VERB', 'PRON', 'PRON', 'VERB', 'ADP', 'NOUN', 'ADP', 'PROPN', 'PUNCT'], ['confirmaram', 'esclareceram', 'acontece'], ['até', 'o', 'momento', ',', 'o', 'autoridade', 'de o', 'Sri', 'Lanka', 'não', 'confirmar', 'o', 'morte', 'ou', 'esclarecer', 'o', 'que', 'acontecer', 'em o', 'cidade', 'de', 'Muttur', '.']], [['O', 'violento', 'conflito', 'começou', 'em', '26', 'de', 'julho', ',', 'quando', 'as', 'tropas', 'aéreas', 'do', 'governo', 'bombardearam', 'posições', 'da', 'guerrilha', ',', 'depois', 'que', 'os', 'rebeldes', 'bloquearam', 'uma', 'represa', 'situada', 'em', 'seu', 'território', 'por', 'mais', 'de', 'uma', 'semana', ',', 'impedindo', 'a', 'provisão', 'de', 'água', 'em', 'localidades', 'sob', 'controle', 'governamental', '.'], ['DET', 'ADJ', 'NOUN', 'VERB', 'ADP', 'NUM', 'ADP', 'NOUN', 'PUNCT', 'ADV', 'DET', 'NOUN', 'ADJ', 'ADP', 'NOUN', 'VERB', 'NOUN', 'ADP', 'NOUN', 'PUNCT', 'SCONJ', 'SCONJ', 'DET', 'NOUN', 'VERB', 'DET', 'NOUN', 'VERB', 'ADP', 'DET', 'NOUN', 'ADP', 'ADV', 'ADP', 'NUM', 'NOUN', 'PUNCT', 'VERB', 'DET', 'NOUN', 'ADP', 'NOUN', 'ADP', 'NOUN', 'ADP', 'NOUN', 'ADJ', 'PUNCT'], ['começou', 'bombardearam', 'bloquearam', 'situada', 'impedindo'], ['o', 'violento', 'conflito', 'começar', 'em', '26', 'de', 'julho', ',', 'quando', 'o', 'tropa', 'aéreo', 'de o', 'governo', 'bombardear', 'posição', 'de o', 'guerrilha', ',', 'depois', 'que', 'o', 'rebelde', 'bloquear', 'um', 'represa', 'situar', 'em', 'seu', 'território', 'por', 'mais', 'de', 'um', 'semana', ',', 'impedir', 'o', 'provisão', 'de', 'água', 'em', 'localidade', 'sob', 'controle', 'governamental', '.']], [['No', 'domingo', ',', 'o', 'LTTE', 'ofereceu', 'o', 'cessar-fogo', 'em', 'troca', 'do', 'desbloqueio', 'da', 'presa', ',', 'mas', 'o', 'governo', 'rejeitou', 'a', 'oferta', 'e', 'lançou', 'uma', 'nova', 'ofensiva', 'sobre', 'a', 'área', ',', 'de', 'onde', 'mais', 'de', '15', 'mil', 'civis', 'foram', 'obrigados', 'a', 'fugir', 'na', 'última', 'semana', '.'], ['ADP', 'NOUN', 'PUNCT', 'DET', 'PROPN', 'VERB', 'DET', 'NOUN', 'ADP', 'NOUN', 'ADP', 'NOUN', 'ADP', 'NOUN', 'PUNCT', 'CCONJ', 'DET', 'NOUN', 'VERB', 'DET', 'NOUN', 'CCONJ', 'VERB', 'DET', 'ADJ', 'NOUN', 'ADP', 'DET', 'NOUN', 'PUNCT', 'ADP', 'PRON', 'ADV', 'ADP', 'NUM', 'NUM', 'NOUN', 'AUX', 'VERB', 'SCONJ', 'VERB', 'ADP', 'ADJ', 'NOUN', 'PUNCT'], ['ofereceu', 'rejeitou', 'lançou', 'foram obrigados', 'fugir'], ['em o', 'domingo', ',', 'o', 'LTTE', 'oferecer', 'o', 'cessar-fogo', 'em', 'troca', 'de o', 'desbloqueio', 'de o', 'presa', ',', 'mas', 'o', 'governo', 'rejeitar', 'o', 'oferta', 'e', 'lançar', 'um', 'novo', 'ofensiva', 'sobre', 'o', 'área', ',', 'de', 'onde', 'mais', 'de', '15', 'mil', 'civl', 'ser', 'obrigar', 'a', 'fugir', 'em o', 'último', 'semana', '.']], [['Os', 'rebeldes', 'afirmaram', 'que', 'consideram', 'o', 'novo', 'bombardeio', 'do', 'Exército', 'equivalente', 'a', '""', 'uma', 'declaração', 'de', 'guerra', '""', '.'], ['DET', 'NOUN', 'VERB', 'SCONJ', 'VERB', 'DET', 'ADJ', 'NOUN', 'ADP', 'NOUN', 'ADJ', 'ADP', 'PUNCT', 'DET', 'NOUN', 'ADP', 'NOUN', 'PUNCT', 'PUNCT'], ['afirmaram', 'consideram'], ['o', 'rebelde', 'afirmar', 'que', 'considerar', 'o', 'novo', 'bombardeio', 'de o', 'exército', 'equivalente', 'a', '""', 'um', 'declaração', 'de', 'guerra', '""', '.']], [['O', 'enviado', 'especial', 'da', 'Noruega', 'para', 'a', 'paz', 'no', 'Sri', 'Lanka', ',', 'Jon', 'Hanssen-Bauer', ',', 'chegou', 'na', 'semana', 'passada', 'à', 'ilha', 'e', 'manteve', 'diferentes', 'reuniões', 'com', 'as', 'duas', 'partes', ',', 'na', 'tentativa', 'de', 'reduzir', 'a', 'tensão', 'e', 'evitar', 'a', 'volta', 'a', 'uma', 'guerra', 'civil', '.'], ['DET', 'NOUN', 'ADJ', 'ADP', 'PROPN', 'ADP', 'DET', 'NOUN', 'ADP', 'PROPN', 'PROPN', 'PUNCT', 'PROPN', 'PROPN', 'PUNCT', 'VERB', 'ADP', 'NOUN', 'ADJ', 'ADP', 'NOUN', 'CCONJ', 'VERB', 'DET', 'NOUN', 'ADP', 'DET', 'NUM', 'NOUN', 'PUNCT', 'ADP', 'NOUN', 'SCONJ', 'VERB', 'DET', 'NOUN', 'CCONJ', 'VERB', 'DET', 'NOUN', 'ADP', 'DET', 'NOUN', 'ADJ', 'PUNCT'], ['chegou', 'manteve', 'reduzir', 'evitar'], ['o', 'enviado', 'especial', 'de o', 'Noruega', 'para', 'o', 'paz', 'em o', 'Sri', 'Lanka', ',', 'Jon', 'Hanssen-Bauer', ',', 'chegar', 'em o', 'semana', 'passado', 'a o', 'ilha', 'e', 'manter', 'diferente', 'reunião', 'com', 'o', 'dois', 'parte', ',', 'em o', 'tentativa', 'de', 'reduzir', 'o', 'tensão', 'e', 'evitar', 'o', 'volta', 'a', 'um', 'guerra', 'civil', '.']]]"
18;[[['Quinze', 'voluntários', 'de', 'ONG', 'francesa', 'são', 'mortos', 'no', 'Sri', 'Lanka'], ['NUM', 'NOUN', 'ADP', 'PROPN', 'ADJ', 'AUX', 'VERB', 'ADP', 'PROPN', 'PROPN'], ['são mortos'], ['quinze', 'voluntário', 'de', 'ONG', 'francês', 'ser', 'matar', 'em o', 'Sri', 'Lanka']]]
19;"[[['Quinze', 'voluntários', 'da', 'ONG', 'francesa'], ['NUM', 'NOUN', 'ADP', 'PROPN', 'ADJ'], [], ['quinze', 'voluntário', 'de o', 'ONG', 'francês']], [['Ação'], ['NOUN'], [], ['ação']], [['Contra', 'a', 'Fome', '(', 'ACF', ')'], ['ADP', 'PROPN', 'PROPN', 'PUNCT', 'PROPN', 'PUNCT'], [], ['contra', 'a', 'Fome', '(', 'ACF', ')']], [['foram', 'assassinados', 'no', 'nordeste', 'do', 'Sri', 'Lanka', '.'], ['AUX', 'VERB', 'ADP', 'NOUN', 'ADP', 'PROPN', 'PROPN', 'PUNCT'], ['foram assassinados'], ['ser', 'assassinar', 'em o', 'nordeste', 'de o', 'Sri', 'Lanka', '.']], [['Os', 'crimes', 'aconteceram', 'na', 'cidade', 'de', 'Muttur', ',', 'que', 'durante', 'as', 'últimas', 'duas', 'semanas', 'vive', 'graves', 'conflitos', 'entre', 'as', 'tropas', 'do', 'Exército', 'do', 'Sri', 'Lanka', 'e', 'a', 'guerrilha', 'dos', 'Tigres', 'de', 'Libertação', 'da', 'Pátria', 'Tâmil', '(', 'LTTE', ')', '.'], ['DET', 'NOUN', 'VERB', 'ADP', 'NOUN', 'ADP', 'PROPN', 'PUNCT', 'PRON', 'ADP', 'DET', 'ADJ', 'NUM', 'NOUN', 'VERB', 'ADJ', 'NOUN', 'ADP', 'DET', 'NOUN', 'ADP', 'PROPN', 'ADP', 'PROPN', 'PROPN', 'CCONJ', 'DET', 'NOUN', 'ADP', 'PROPN', 'ADP', 'PROPN', 'ADP', 'PROPN', 'PROPN', 'PUNCT', 'PROPN', 'PUNCT', 'PUNCT'], ['aconteceram', 'vive'], ['o', 'crime', 'acontecer', 'em o', 'cidade', 'de', 'Muttur', ',', 'que', 'durante', 'o', 'último', 'dois', 'semana', 'viver', 'grave', 'conflito', 'entre', 'o', 'tropa', 'de o', 'exército', 'de o', 'Sri', 'Lanka', 'e', 'o', 'guerrilha', 'de o', 'Tigres', 'de', 'Libertação', 'de o', 'Pátria', 'Tâmil', '(', 'LTTE', ')', '.']], [['Os', 'corpos', 'de', '11', 'homens', 'e', '4', 'mulheres', 'de', 'etnia', 'tâmil', ',', 'vestidos', 'com', 'camisetas', 'da', 'ACF', ',', 'apareceram', 'na', 'semana', 'passada', 'no', 'escritório', 'da', 'organização', '.'], ['DET', 'NOUN', 'ADP', 'NUM', 'NOUN', 'CCONJ', 'NUM', 'NOUN', 'ADP', 'NOUN', 'ADJ', 'PUNCT', 'VERB', 'ADP', 'NOUN', 'ADP', 'PROPN', 'PUNCT', 'VERB', 'ADP', 'NOUN', 'ADJ', 'ADP', 'NOUN', 'ADP', 'NOUN', 'PUNCT'], ['vestidos', 'apareceram'], ['o', 'corpo', 'de', '11', 'homem', 'e', '4', 'mulher', 'de', 'etnia', 'tâmil', ',', 'vestir', 'com', 'camiseta', 'de o', 'ACF', ',', 'aparecer', 'em o', 'semana', 'passado', 'em o', 'escritório', 'de o', 'organização', '.']], [['O', 'diretor', 'da', 'ACF', 'no', 'Sri', 'Lanka', ',', 'Benoit', 'Miribel', ',', 'confirmou', 'a', 'morte', 'de', 'seus', 'funcionários', 'e', 'afirmou', ',', 'comovido', ',', 'que', 'a', 'ONG', '""', 'não', 'sofreu', 'uma', 'perda', 'similar', 'em', 'seus', 'mais', 'de', '25', 'anos', 'de', 'existência', '""', '.'], ['DET', 'NOUN', 'ADP', 'PROPN', 'ADP', 'PROPN', 'PROPN', 'PUNCT', 'PROPN', 'PROPN', 'PUNCT', 'VERB', 'DET', 'NOUN', 'ADP', 'DET', 'NOUN', 'CCONJ', 'VERB', 'PUNCT', 'VERB', 'PUNCT', 'SCONJ', 'DET', 'PROPN', 'PUNCT', 'ADV', 'VERB', 'DET', 'NOUN', 'ADJ', 'ADP', 'DET', 'ADV', 'ADP', 'NUM', 'NOUN', 'ADP', 'NOUN', 'PUNCT', 'PUNCT'], ['confirmou', 'afirmou', 'comovido', 'sofreu'], ['o', 'diretor', 'de o', 'ACF', 'em o', 'Sri', 'Lanka', ',', 'Benoit', 'Miribel', ',', 'confirmar', 'o', 'morte', 'de', 'seu', 'funcionário', 'e', 'afirmar', ',', 'comover', ',', 'que', 'o', 'ONG', '""', 'não', 'sofrer', 'um', 'perda', 'similar', 'em', 'seu', 'mais', 'de', '25', 'ano', 'de', 'existência', '""', '.']], [['""'], ['PUNCT'], [], ['""']], [['Tentamos', 'enviar', 'uma', 'equipe', 'a', 'Muttur', 'para', 'averiguar', 'o', 'que', 'está', 'acontecendo', ',', 'mas', 'os', 'soldados', 'não', 'permitiram', 'que', 'entrássemos', 'na', 'cidade', ',', 'que', 'está', 'totalmente', 'bloqueada', '""', ',', 'afirmou', '.'], ['VERB', 'VERB', 'DET', 'NOUN', 'ADP', 'PROPN', 'SCONJ', 'VERB', 'PRON', 'PRON', 'AUX', 'VERB', 'PUNCT', 'CCONJ', 'DET', 'NOUN', 'ADV', 'VERB', 'SCONJ', 'VERB', 'ADP', 'NOUN', 'PUNCT', 'PRON', 'AUX', 'ADV', 'VERB', 'PUNCT', 'PUNCT', 'VERB', 'PUNCT'], ['Tentamos enviar', 'averiguar', 'está acontecendo', 'permitiram', 'entrássemos', 'bloqueada', 'afirmou'], ['Tentamos', 'enviar', 'um', 'equipe', 'a', 'Muttur', 'para', 'averiguar', 'o', 'que', 'estar', 'acontecer', ',', 'mas', 'o', 'soldado', 'não', 'permitir', 'que', 'entráss', 'em o', 'cidade', ',', 'que', 'estar', 'totalmente', 'bloquear', '""', ',', 'afirmar', '.']], [['Até', 'o', 'momento', ',', 'as', 'autoridades', 'do', 'Sri', 'Lanka', 'não', 'confirmaram', 'as', 'mortes', 'ou', 'esclareceram', 'o', 'que', 'acontece', 'na', 'cidade', 'de', 'Muttur', '.'], ['ADP', 'DET', 'NOUN', 'PUNCT', 'DET', 'NOUN', 'ADP', 'PROPN', 'PROPN', 'ADV', 'VERB', 'DET', 'NOUN', 'CCONJ', 'VERB', 'PRON', 'PRON', 'VERB', 'ADP', 'NOUN', 'ADP', 'PROPN', 'PUNCT'], ['confirmaram', 'esclareceram', 'acontece'], ['até', 'o', 'momento', ',', 'o', 'autoridade', 'de o', 'Sri', 'Lanka', 'não', 'confirmar', 'o', 'morte', 'ou', 'esclarecer', 'o', 'que', 'acontecer', 'em o', 'cidade', 'de', 'Muttur', '.']], [['O', 'violento', 'conflito', 'começou', 'em', '26', 'de', 'julho', ',', 'quando', 'as', 'tropas', 'aéreas', 'do', 'Governo', 'bombardearam', 'posições', 'da', 'guerrilha', ',', 'depois', 'que', 'os', 'rebeldes', 'bloquearam', 'uma', 'represa', 'situada', 'em', 'seu', 'território', 'por', 'mais', 'de', 'uma', 'semana', ',', 'impedindo', 'a', 'provisão', 'de', 'água', 'em', 'localidades', 'sob', 'controle', 'governamental', '.'], ['DET', 'ADJ', 'NOUN', 'VERB', 'ADP', 'NUM', 'ADP', 'NOUN', 'PUNCT', 'ADV', 'DET', 'NOUN', 'ADJ', 'ADP', 'PROPN', 'VERB', 'NOUN', 'ADP', 'NOUN', 'PUNCT', 'SCONJ', 'SCONJ', 'DET', 'NOUN', 'VERB', 'DET', 'NOUN', 'VERB', 'ADP', 'DET', 'NOUN', 'ADP', 'ADV', 'ADP', 'NUM', 'NOUN', 'PUNCT', 'VERB', 'DET', 'NOUN', 'ADP', 'NOUN', 'ADP', 'NOUN', 'ADP', 'NOUN', 'ADJ', 'PUNCT'], ['começou', 'bombardearam', 'bloquearam', 'situada', 'impedindo'], ['o', 'violento', 'conflito', 'começar', 'em', '26', 'de', 'julho', ',', 'quando', 'o', 'tropa', 'aéreo', 'de o', 'Governo', 'bombardear', 'posição', 'de o', 'guerrilha', ',', 'depois', 'que', 'o', 'rebelde', 'bloquear', 'um', 'represa', 'situar', 'em', 'seu', 'território', 'por', 'mais', 'de', 'um', 'semana', ',', 'impedir', 'o', 'provisão', 'de', 'água', 'em', 'localidade', 'sob', 'controle', 'governamental', '.']], [['No', 'domingo', ',', 'o', 'LTTE', 'ofereceu', 'o', 'cessar-fogo', 'em', 'troca', 'do', 'desbloqueio', 'da', 'presa', ',', 'mas', 'o', 'Governo', 'rejeitou', 'a', 'oferta', 'e', 'lançou', 'uma', 'nova', 'ofensiva', 'sobre', 'a', 'área', ',', 'de', 'onde', 'mais', 'de', '15', 'mil', 'civis', 'foram', 'obrigados', 'a', 'fugir', 'na', 'última', 'semana', '.'], ['ADP', 'NOUN', 'PUNCT', 'DET', 'PROPN', 'VERB', 'DET', 'NOUN', 'ADP', 'NOUN', 'ADP', 'NOUN', 'ADP', 'NOUN', 'PUNCT', 'CCONJ', 'DET', 'PROPN', 'VERB', 'DET', 'NOUN', 'CCONJ', 'VERB', 'DET', 'ADJ', 'NOUN', 'ADP', 'DET', 'NOUN', 'PUNCT', 'ADP', 'PRON', 'ADV', 'ADP', 'NUM', 'NUM', 'NOUN', 'AUX', 'VERB', 'SCONJ', 'VERB', 'ADP', 'ADJ', 'NOUN', 'PUNCT'], ['ofereceu', 'rejeitou', 'lançou', 'foram obrigados', 'fugir'], ['em o', 'domingo', ',', 'o', 'LTTE', 'oferecer', 'o', 'cessar-fogo', 'em', 'troca', 'de o', 'desbloqueio', 'de o', 'presa', ',', 'mas', 'o', 'Governo', 'rejeitar', 'o', 'oferta', 'e', 'lançar', 'um', 'novo', 'ofensiva', 'sobre', 'o', 'área', ',', 'de', 'onde', 'mais', 'de', '15', 'mil', 'civl', 'ser', 'obrigar', 'a', 'fugir', 'em o', 'último', 'semana', '.']], [['Os', 'rebeldes', 'afirmaram', 'que', 'consideram', 'o', 'novo', 'bombardeio', 'do', 'Exército', 'equivalente', 'a', '""', 'uma', 'declaração', 'de', 'guerra', '""', '.'], ['DET', 'NOUN', 'VERB', 'SCONJ', 'VERB', 'DET', 'ADJ', 'NOUN', 'ADP', 'NOUN', 'ADJ', 'ADP', 'PUNCT', 'DET', 'NOUN', 'ADP', 'NOUN', 'PUNCT', 'PUNCT'], ['afirmaram', 'consideram'], ['o', 'rebelde', 'afirmar', 'que', 'considerar', 'o', 'novo', 'bombardeio', 'de o', 'exército', 'equivalente', 'a', '""', 'um', 'declaração', 'de', 'guerra', '""', '.']], [['O', 'enviado', 'especial', 'da', 'Noruega', 'para', 'a', 'paz', 'no', 'Sri', 'Lanka', ',', 'Jon', 'Hansse-Bauer', ',', 'chegou', 'na', 'semana', 'passada', 'à', 'ilha', 'e', 'manteve', 'diferentes', 'reuniões', 'com', 'as', 'duas', 'partes', ',', 'na', 'tentativa', 'de', 'reduzir', 'a', 'tensão', 'e', 'evitar', 'a', 'volta', 'a', 'uma', 'guerra', 'civil', '.'], ['DET', 'NOUN', 'ADJ', 'ADP', 'PROPN', 'ADP', 'DET', 'NOUN', 'ADP', 'PROPN', 'PROPN', 'PUNCT', 'PROPN', 'PROPN', 'PUNCT', 'VERB', 'ADP', 'NOUN', 'ADJ', 'ADP', 'NOUN', 'CCONJ', 'VERB', 'DET', 'NOUN', 'ADP', 'DET', 'NUM', 'NOUN', 'PUNCT', 'ADP', 'NOUN', 'SCONJ', 'VERB', 'DET', 'NOUN', 'CCONJ', 'VERB', 'DET', 'NOUN', 'ADP', 'DET', 'NOUN', 'ADJ', 'PUNCT'], ['chegou', 'manteve', 'reduzir', 'evitar'], ['o', 'enviado', 'especial', 'de o', 'Noruega', 'para', 'o', 'paz', 'em o', 'Sri', 'Lanka', ',', 'Jon', 'Hansse-Bauer', ',', 'chegar', 'em o', 'semana', 'passado', 'a o', 'ilha', 'e', 'manter', 'diferente', 'reunião', 'com', 'o', 'dois', 'parte', ',', 'em o', 'tentativa', 'de', 'reduzir', 'o', 'tensão', 'e', 'evitar', 'o', 'volta', 'a', 'um', 'guerra', 'civil', '.']]]"
20;[[['Quinze', 'voluntários', 'são', 'assassinados', 'no', 'Sri', 'Lanka'], ['NUM', 'NOUN', 'AUX', 'VERB', 'ADP', 'PROPN', 'PROPN'], ['são assassinados'], ['quinze', 'voluntário', 'ser', 'assassinar', 'em o', 'Sri', 'Lanka']]]
21;"[[['Quinze', 'funcionários', 'locais', 'de', 'uma', 'organização', 'de', 'caridade', 'francesa', 'no', 'Sri', 'Lanka', 'foram', 'encontrados', 'mortos', 'na', 'cidade', 'de', 'Muttur', ',', 'no', 'norte', 'do', 'país', '.'], ['NUM', 'NOUN', 'ADJ', 'ADP', 'DET', 'NOUN', 'ADP', 'NOUN', 'ADJ', 'ADP', 'PROPN', 'PROPN', 'AUX', 'VERB', 'NOUN', 'ADP', 'NOUN', 'ADP', 'PROPN', 'PUNCT', 'ADP', 'NOUN', 'ADP', 'NOUN', 'PUNCT'], ['foram encontrados'], ['quinze', 'funcionário', 'local', 'de', 'um', 'organização', 'de', 'caridade', 'francês', 'em o', 'Sri', 'Lanka', 'ser', 'encontrar', 'morto', 'em o', 'cidade', 'de', 'Muttur', ',', 'em o', 'norte', 'de o', 'país', '.']], [['Segundo', 'um', 'representante', 'do', 'grupo', 'Action', 'Contre', 'la', 'Faim', ',', 'os', 'corpos', 'foram', 'encontrados', 'no', 'escritório', 'da', 'organização', '.'], ['ADP', 'DET', 'NOUN', 'ADP', 'NOUN', 'PROPN', 'PROPN', 'PROPN', 'PROPN', 'PUNCT', 'DET', 'NOUN', 'AUX', 'VERB', 'ADP', 'NOUN', 'ADP', 'NOUN', 'PUNCT'], ['foram encontrados'], ['segundo', 'um', 'representante', 'de o', 'grupo', 'Action', 'Contre', 'la', 'Faim', ',', 'o', 'corpo', 'ser', 'encontrar', 'em o', 'escritório', 'de o', 'organização', '.']], [['Confrontos', 'entre', 'o', 'Exército', 'e', 'o', 'grupo', 'rebelde', 'Tigres', 'Tâmeis', 'eclodiram', 'na', 'região', 'de', 'Muttur', 'há', 'duas', 'semanas', ',', 'após', 'a', 'guerrilha', 'ter', 'cortado', 'o', 'suprimento', 'de', 'água', 'para', 'alguns', 'vilarejos', '.'], ['NOUN', 'ADP', 'DET', 'PROPN', 'CCONJ', 'DET', 'NOUN', 'ADJ', 'PROPN', 'PROPN', 'VERB', 'ADP', 'NOUN', 'ADP', 'PROPN', 'VERB', 'NUM', 'NOUN', 'PUNCT', 'ADP', 'DET', 'NOUN', 'AUX', 'VERB', 'DET', 'NOUN', 'ADP', 'NOUN', 'ADP', 'DET', 'NOUN', 'PUNCT'], ['eclodiram', 'há', 'ter cortado'], ['confronto', 'entre', 'o', 'Exército', 'e', 'o', 'grupo', 'rebelde', 'Tigres', 'Tâmeis', 'eclodir', 'em o', 'região', 'de', 'Muttur', 'há', 'dois', 'semana', ',', 'após', 'o', 'guerrilha', 'ter', 'cortar', 'o', 'suprimento', 'de', 'água', 'para', 'algum', 'vilarejo', '.']], [['No', 'domingo', ',', 'o', 'Exército', 'bombardeou', 'posições', 'rebeldes', 'na', 'área', '.'], ['ADP', 'NOUN', 'PUNCT', 'DET', 'PROPN', 'VERB', 'NOUN', 'ADJ', 'ADP', 'NOUN', 'PUNCT'], ['bombardeou'], ['em o', 'domingo', ',', 'o', 'exército', 'bombardear', 'posição', 'rebelde', 'em o', 'área', '.']], [['Os', 'ataques', 'ocorreram', 'apesar', 'de', 'um', 'acordo', 'assinado', 'pelos', 'Tigres', 'Tâmeis', 'para', 'permitir', 'a', 'reabertura', 'do', 'reservatório', 'de', 'água', 'e', 'a', 'ameaça', 'de', 'que', 'novos', 'bombardeios', 'seriam', 'considerados', 'pelo', 'grupo', 'como', 'uma', 'declaração', 'de', 'guerra', '.'], ['DET', 'NOUN', 'VERB', 'ADV', 'ADP', 'DET', 'NOUN', 'VERB', 'ADP', 'PROPN', 'PROPN', 'SCONJ', 'VERB', 'DET', 'NOUN', 'ADP', 'NOUN', 'ADP', 'NOUN', 'CCONJ', 'DET', 'NOUN', 'SCONJ', 'SCONJ', 'ADJ', 'NOUN', 'AUX', 'VERB', 'ADP', 'NOUN', 'ADP', 'DET', 'NOUN', 'ADP', 'NOUN', 'PUNCT'], ['ocorreram', 'assinado', 'permitir', 'seriam considerados'], ['o', 'ataque', 'ocorrer', 'apesar', 'de', 'um', 'acordo', 'assinar', 'por o', 'Tigres', 'Tâmeis', 'para', 'permitir', 'o', 'reabertura', 'de o', 'reservatório', 'de', 'água', 'e', 'o', 'ameaça', 'de', 'que', 'novo', 'bombardeio', 'ser', 'considerar', 'por o', 'grupo', 'como', 'um', 'declaração', 'de', 'guerra', '.']], [['Ainda', 'não', 'se', 'sabe', 'quem', 'cometeu', 'os', 'assassinatos', 'dos', 'funcionários', 'da', 'organização', 'francesa', '.'], ['ADV', 'ADV', 'PRON', 'VERB', 'PRON', 'VERB', 'DET', 'NOUN', 'ADP', 'NOUN', 'ADP', 'NOUN', 'ADJ', 'PUNCT'], ['sabe', 'cometeu'], ['ainda', 'não', 'se', 'saber', 'quem', 'cometer', 'o', 'assassinato', 'de o', 'funcionário', 'de o', 'organização', 'francês', '.']], [['O', 'diretor-geral', 'da', 'Action', 'Contre', 'la', 'Faim', ',', 'Benoit', 'Miribel', ',', 'disse', 'que', 'a', 'organização', 'nunca', 'havia', 'sofrido', 'uma', 'perda', 'tão', 'grande', 'em', '25', 'anos', 'de', 'existência', '.'], ['DET', 'NOUN', 'ADP', 'PROPN', 'PROPN', 'PROPN', 'PROPN', 'PUNCT', 'PROPN', 'PROPN', 'PUNCT', 'VERB', 'SCONJ', 'DET', 'NOUN', 'ADV', 'AUX', 'VERB', 'DET', 'NOUN', 'ADV', 'ADJ', 'ADP', 'NUM', 'NOUN', 'ADP', 'NOUN', 'PUNCT'], ['disse', 'havia sofrido'], ['o', 'diretor-geral', 'de o', 'Action', 'Contre', 'la', 'Faim', ',', 'Benoit', 'Miribel', ',', 'dizer', 'que', 'o', 'organização', 'nunca', 'haver', 'sofrer', 'um', 'perda', 'tão', 'grande', 'em', '25', 'ano', 'de', 'existência', '.']], [['Segundo', 'ele', ',', 'o', 'grupo', 'pretendia', 'enviar', 'uma', 'equipe', 'à', 'região', ',', 'mas', 'foi', 'impedido', 'por', 'soldados', '.'], ['ADP', 'PRON', 'PUNCT', 'DET', 'NOUN', 'VERB', 'VERB', 'DET', 'NOUN', 'ADP', 'NOUN', 'PUNCT', 'CCONJ', 'AUX', 'VERB', 'ADP', 'NOUN', 'PUNCT'], ['pretendia enviar', 'foi impedido'], ['segundo', 'ele', ',', 'o', 'grupo', 'pretender', 'enviar', 'um', 'equipe', 'a o', 'região', ',', 'mas', 'ser', 'impedir', 'por', 'soldado', '.']], [['""', 'Nossa', 'simpatia', 'está', 'com', 'as', 'famílias', 'das', 'vítimas', 'e', 'com', 'todos', 'os', 'civis', 'afetados', 'por', 'este', 'massacre', ',', 'cuja', 'escala', 'ainda', 'é', 'desconhecida', '""', ',', 'disse', 'Miribel', '.'], ['PUNCT', 'DET', 'NOUN', 'AUX', 'ADP', 'DET', 'NOUN', 'ADP', 'NOUN', 'CCONJ', 'ADP', 'DET', 'DET', 'NOUN', 'VERB', 'ADP', 'DET', 'NOUN', 'PUNCT', 'DET', 'NOUN', 'ADV', 'AUX', 'VERB', 'PUNCT', 'PUNCT', 'VERB', 'PROPN', 'PUNCT'], ['afetados', 'é desconhecida', 'disse'], ['""', 'nosso', 'simpatia', 'estar', 'com', 'o', 'família', 'de o', 'vítima', 'e', 'com', 'todo', 'o', 'civil', 'afetar', 'por', 'este', 'massacre', ',', 'cujo', 'escala', 'ainda', 'ser', 'desconhecer', '""', ',', 'dizer', 'Miribel', '.']], [['Os', 'funcionários', 'da', 'organização', ',', 'da', 'etnia', 'tâmil', ',', 'trabalhavam', 'com', 'ajuda', 'humanitária', 'e', 'reconstrução', 'pós-tsunami', '.'], ['DET', 'NOUN', 'ADP', 'NOUN', 'PUNCT', 'ADP', 'NOUN', 'ADJ', 'PUNCT', 'VERB', 'ADP', 'NOUN', 'ADJ', 'CCONJ', 'NOUN', 'ADJ', 'PUNCT'], ['trabalhavam'], ['o', 'funcionário', 'de o', 'organização', ',', 'de o', 'etnia', 'tâmil', ',', 'trabalhar', 'com', 'ajuda', 'humanitário', 'e', 'reconstrução', 'pós-tsunami', '.']], [['Uma', 'página', 'na', 'internet', 'pró-Tigres'], ['DET', 'NOUN', 'ADP', 'PROPN', 'ADJ'], [], ['um', 'página', 'em o', 'Internet', 'pró-Tigres']], [['Tâmeis', 'responsabilizou', 'o', 'governo', 'pelas', 'mortes', ',', 'mas', 'o', 'Exército', 'rejeitou', 'a', 'acusação', '.'], ['PROPN', 'VERB', 'DET', 'NOUN', 'ADP', 'NOUN', 'PUNCT', 'CCONJ', 'DET', 'NOUN', 'VERB', 'DET', 'NOUN', 'PUNCT'], ['responsabilizou', 'rejeitou'], ['Tâmeis', 'responsabilizar', 'o', 'governo', 'por o', 'morte', ',', 'mas', 'o', 'exército', 'rejeitar', 'o', 'acusação', '.']], [['O', 'líder', 'da', 'ala', 'política', 'do', 'grupo', ',', 'S.', 'P.', 'Thamilselvan', ',', 'disse', 'que', 'a', 'decisão', 'do', 'governo', 'de', 'retomar', 'os', 'bombardeios', 'é', '""', 'uma', 'declaração', 'de', 'guerra', '""', '.'], ['DET', 'NOUN', 'ADP', 'NOUN', 'ADJ', 'ADP', 'NOUN', 'PUNCT', 'PROPN', 'PROPN', 'PROPN', 'PUNCT', 'VERB', 'SCONJ', 'DET', 'NOUN', 'ADP', 'NOUN', 'SCONJ', 'VERB', 'DET', 'NOUN', 'AUX', 'PUNCT', 'DET', 'NOUN', 'ADP', 'NOUN', 'PUNCT', 'PUNCT'], ['disse', 'retomar'], ['o', 'líder', 'de o', 'ala', 'político', 'de o', 'grupo', ',', 'S.', 'P.', 'Thamilselvan', ',', 'dizer', 'que', 'o', 'decisão', 'de o', 'governo', 'de', 'retomar', 'o', 'bombardeio', 'ser', '""', 'um', 'declaração', 'de', 'guerra', '""', '.']], [['Mas', 'o', 'Exército', 'do', 'Sri', 'Lanka', 'disse', 'que', 'os', 'Tigres', 'Tâmeis', 'haviam', 'iniciado', 'os', 'ataques', '.'], ['CCONJ', 'DET', 'PROPN', 'ADP', 'PROPN', 'PROPN', 'VERB', 'SCONJ', 'DET', 'PROPN', 'PROPN', 'AUX', 'VERB', 'DET', 'NOUN', 'PUNCT'], ['disse', 'haviam iniciado'], ['mas', 'o', 'exército', 'de o', 'Sri', 'Lanka', 'dizer', 'que', 'o', 'Tigres', 'Tâmeis', 'haver', 'iniciar', 'o', 'ataque', '.']], [['""', 'Quando', 'os', 'terroristas', 'abriram', 'com', 'sua', 'artilharia', ',', 'nós', 'não', 'tivemos', 'escolha', 'senão', 'retaliar', '""', ',', 'disse', 'o', 'porta-voz', 'do', 'Exército', 'Abdullah', 'Jayawardene', 'à', 'BBC', '.'], ['PUNCT', 'SCONJ', 'DET', 'NOUN', 'VERB', 'ADP', 'DET', 'NOUN', 'PUNCT', 'PRON', 'ADV', 'VERB', 'NOUN', 'SCONJ', 'VERB', 'PUNCT', 'PUNCT', 'VERB', 'DET', 'NOUN', 'ADP', 'PROPN', 'PROPN', 'PROPN', 'ADP', 'PROPN', 'PUNCT'], ['abriram', 'tivemos', 'retaliar', 'disse'], ['""', 'quando', 'o', 'terrorista', 'abrir', 'com', 'seu', 'artilharia', ',', 'nós', 'não', 'ter', 'escolha', 'senão', 'retaliar', '""', ',', 'dizer', 'o', 'porta-voz', 'de o', 'Exército', 'Abdullah', 'Jayawardene', 'a o', 'BBC', '.']], [['Os', 'confrontos', 'em', 'Muttur', 'têm', 'sido', 'os', 'mais', 'intensos', 'na', 'ilha', 'desde', 'a', 'assinatura', 'de', 'um', 'cessar-fogo', 'há', 'quatro', 'anos', '.'], ['DET', 'NOUN', 'ADP', 'PROPN', 'AUX', 'AUX', 'DET', 'ADV', 'ADJ', 'ADP', 'NOUN', 'ADP', 'DET', 'NOUN', 'ADP', 'DET', 'NOUN', 'VERB', 'NUM', 'NOUN', 'PUNCT'], ['intensos', 'há'], ['o', 'confronto', 'em', 'Muttur', 'ter', 'ser', 'o', 'mais', 'intenso', 'em o', 'ilha', 'desde', 'o', 'assinatura', 'de', 'um', 'cessar-fogo', 'haver', 'quatro', 'ano', '.']], [['O', 'governo', 'diz', 'estar', 'comprometido', 'com', 'a', 'trégua', ',', 'mas', 'a', 'situação', 'política', 'com', 'os', 'rebeldes', ',', 'que', 'lutam', 'pela', 'independência', 'do', 'norte', 'e', 'do', 'leste', 'do', 'país', ',', 'permanece', 'em', 'um', 'impasse', '.'], ['DET', 'NOUN', 'VERB', 'AUX', 'VERB', 'ADP', 'DET', 'NOUN', 'PUNCT', 'CCONJ', 'DET', 'NOUN', 'ADJ', 'ADP', 'DET', 'NOUN', 'PUNCT', 'PRON', 'VERB', 'ADP', 'NOUN', 'ADP', 'NOUN', 'CCONJ', 'ADP', 'NOUN', 'ADP', 'NOUN', 'PUNCT', 'VERB', 'ADP', 'DET', 'NOUN', 'PUNCT'], ['diz estar comprometido', 'lutam', 'permanece'], ['o', 'governo', 'dizer', 'estar', 'comprometer', 'com', 'o', 'trégua', ',', 'mas', 'o', 'situação', 'político', 'com', 'o', 'rebelde', ',', 'que', 'lutar', 'por o', 'independência', 'de o', 'norte', 'e', 'de o', 'leste', 'de o', 'país', ',', 'permanecer', 'em', 'um', 'impasse', '.']], [['Pelo', 'menos', '60', 'mil', 'pessoas', 'já', 'morreram', 'no', 'país', 'por', 'conta', 'da', 'violência', 'desde', 'o', 'início', 'da', 'insurgência', 'rebelde', ',', 'há', 'três', 'décadas', '.'], ['ADP', 'NOUN', 'NUM', 'NUM', 'NOUN', 'ADV', 'VERB', 'ADP', 'NOUN', 'ADP', 'NOUN', 'ADP', 'NOUN', 'ADP', 'DET', 'NOUN', 'ADP', 'NOUN', 'ADJ', 'PUNCT', 'VERB', 'NUM', 'NOUN', 'PUNCT'], ['morreram', 'há'], ['pelo', 'menos', '60', 'mil', 'pessoa', 'já', 'morrer', 'em o', 'país', 'por', 'conta', 'de o', 'violência', 'desde', 'o', 'início', 'de o', 'insurgência', 'rebelde', ',', 'haver', 'três', 'década', '.']]]"
22;[[['Membros', 'de', 'ONG', 'no', 'Sri', 'Lanka', 'são', 'encontrados', 'mortos'], ['NOUN', 'ADP', 'PROPN', 'ADP', 'PROPN', 'PROPN', 'AUX', 'VERB', 'ADJ'], ['são encontrados'], ['membros', 'de', 'ONG', 'em o', 'Sri', 'Lanka', 'ser', 'encontrar', 'morto']]]
23;[[['O', 'ministro', 'da', 'Saúde', 'egípcio', ',', 'Hatem', 'El-Gabaly', ',', 'informou', 'nesta', 'segunda-feira', 'que', '57', 'pessoas', 'morreram', 'e', '128', 'ficaram', 'feridas', 'no', 'choque', 'entre', 'dois', 'trens', 'de', 'passageiros', 'no', 'delta', 'do', 'Nilo', ',', 'ao', 'norte', 'do', 'Cairo', '.'], ['DET', 'NOUN', 'ADP', 'NOUN', 'ADJ', 'PUNCT', 'PROPN', 'PROPN', 'PUNCT', 'VERB', 'ADP', 'NOUN', 'SCONJ', 'NUM', 'NOUN', 'VERB', 'CCONJ', 'NUM', 'VERB', 'NOUN', 'ADP', 'NOUN', 'ADP', 'NUM', 'NOUN', 'ADP', 'NOUN', 'ADP', 'NOUN', 'ADP', 'PROPN', 'PUNCT', 'ADP', 'NOUN', 'ADP', 'PROPN', 'PUNCT'], ['informou', 'morreram', 'ficaram'], ['o', 'ministro', 'de o', 'Saúde', 'egípcio', ',', 'Hatem', 'El-Gabaly', ',', 'informar', 'em este', 'segunda-feira', 'que', '57', 'pessoa', 'morrer', 'e', '128', 'ficar', 'ferido', 'em o', 'choque', 'entre', 'dois', 'trem', 'de', 'passageiro', 'em o', 'delta', 'de o', 'Nilo', ',', 'a o', 'norte', 'de o', 'Cairo', '.']], [['Os', 'feridos', ',', 'vários', 'deles', 'em', 'estado', 'grave', ',', 'foram', 'levados', 'para', 'seis', 'hospitais', 'da', 'região', 'onde', 'aconteceu', 'o', 'acidente', ',', 'um', 'dos', 'piores', 'ocorridos', 'no', 'Egito', 'desde', '2002', ',', 'disse', 'El-Gabaly', ',', 'citado', 'pela', 'agência', 'egípcia', 'de', 'notícias', 'Mena', '.'], ['DET', 'NOUN', 'PUNCT', 'PRON', 'PRON', 'ADP', 'NOUN', 'ADJ', 'PUNCT', 'AUX', 'VERB', 'ADP', 'NUM', 'NOUN', 'ADP', 'NOUN', 'PRON', 'VERB', 'DET', 'NOUN', 'PUNCT', 'NUM', 'ADP', 'ADJ', 'VERB', 'ADP', 'PROPN', 'ADP', 'NUM', 'PUNCT', 'VERB', 'PROPN', 'PUNCT', 'VERB', 'ADP', 'NOUN', 'ADJ', 'ADP', 'NOUN', 'PROPN', 'PUNCT'], ['foram levados', 'aconteceu', 'ocorridos', 'disse', 'citado'], ['o', 'ferido', ',', 'vários', 'de eles', 'em', 'estado', 'grave', ',', 'ser', 'levar', 'para', 'seis', 'hospital', 'de o', 'região', 'onde', 'acontecer', 'o', 'acidente', ',', 'um', 'de o', 'piores', 'ocorrer', 'em o', 'Egito', 'desde', '2002', ',', 'dizer', 'El-Gabaly', ',', 'citar', 'por o', 'agência', 'egípcio', 'de', 'notícia', 'Mena', '.']], [['Fontes', 'policiais', 'e', 'médicas', 'informaram', 'anteriormente', 'que', 'pelo', 'menos', '80', 'pessoas', 'tinham', 'morrido', 'no', 'acidente', '.'], ['NOUN', 'NOUN', 'CCONJ', 'ADJ', 'VERB', 'ADV', 'SCONJ', 'ADP', 'NOUN', 'NUM', 'NOUN', 'AUX', 'VERB', 'ADP', 'NOUN', 'PUNCT'], ['informaram', 'tinham morrido'], ['Fontes', 'policial', 'e', 'médico', 'informar', 'anteriormente', 'que', 'por o', 'menos', '80', 'pessoa', 'ter', 'morrer', 'em o', 'acidente', '.']], [['O', 'acidente', 'ocorreu', 'às', '7h15', '(', '1h15', 'em', 'Brasília', ')', 'entre', 'um', 'trem', 'procedente', 'da', 'cidade', 'nortista', 'de', 'Lardo', 'e', 'outro', 'que', 'esperava', 'na', 'estação', 'Qalyoub', ',', '20', 'quilômetros', 'ao', 'norte', 'da', 'capital', 'do', 'Egito', '.'], ['DET', 'NOUN', 'VERB', 'ADP', 'NOUN', 'PUNCT', 'NUM', 'ADP', 'PROPN', 'PUNCT', 'ADP', 'DET', 'NOUN', 'ADJ', 'ADP', 'NOUN', 'ADJ', 'ADP', 'PROPN', 'CCONJ', 'PRON', 'PRON', 'VERB', 'ADP', 'NOUN', 'PROPN', 'PUNCT', 'NUM', 'NOUN', 'ADP', 'NOUN', 'ADP', 'NOUN', 'ADP', 'PROPN', 'PUNCT'], ['ocorreu', 'esperava'], ['o', 'acidente', 'ocorrer', 'a o', '7h15', '(', '1h15', 'em', 'Brasília', ')', 'entre', 'um', 'trem', 'procedente', 'de o', 'cidade', 'nortista', 'de', 'Lardo', 'e', 'outro', 'que', 'esperar', 'em o', 'estação', 'Qalyoub', ',', '20', 'quilômetro', 'a o', 'norte', 'de o', 'capital', 'de o', 'Egito', '.']], [['Mais', 'de', '45', 'ambulâncias', 'levaram', 'as', 'vítimas', 'aos', 'hospitais', 'de', 'Qaliubiya', 'e', 'de', 'Shebin', 'al-Qanater', '.'], ['ADV', 'ADP', 'NUM', 'NOUN', 'VERB', 'DET', 'NOUN', 'ADP', 'NOUN', 'ADP', 'PROPN', 'CCONJ', 'ADP', 'PROPN', 'PROPN', 'PUNCT'], ['levaram'], ['mais', 'de', '45', 'ambulância', 'levar', 'o', 'vítima', 'a o', 'hospital', 'de', 'Qaliubiya', 'e', 'de', 'Shebin', 'al-Qanater', '.']], [['Efetivos', 'do', 'Exército', ',', 'membros', 'da', 'Defesa', 'Civil', 'e', 'equipes', 'médicas', 'participam', 'dos', 'trabalhos', 'de', 'resgate', '.'], ['NOUN', 'ADP', 'PROPN', 'PUNCT', 'NOUN', 'ADP', 'PROPN', 'PROPN', 'CCONJ', 'NOUN', 'ADJ', 'VERB', 'ADP', 'NOUN', 'ADP', 'NOUN', 'PUNCT'], ['participam'], ['efetivo', 'de o', 'Exército', ',', 'membro', 'de o', 'Defesa', 'Civil', 'e', 'equipe', 'médico', 'participar', 'de o', 'trabalho', 'de', 'resgate', '.']], [['O', 'Governador', 'de', 'Qaluibiya', ',', 'Adli', 'Hussein', ',', 'que', 'se', 'deslocou', 'junto', 'com', 'outros', 'vários', 'altos', 'funcionários', 'egípcios', 'ao', 'local', 'do', 'acidente', ',', 'afirmou', 'que', 'a', 'colisão', 'ocorreu', 'quando', 'o', 'trem', 'número', '808', 'que', 'circulava', 'em', 'alta', 'velocidade', 'se', 'chocou', 'com', 'a', 'parte', 'traseira', 'de', 'outro', ',', 'que', 'vinha', 'da', 'de', 'Qaliub', '.'], ['DET', 'PROPN', 'ADP', 'PROPN', 'PUNCT', 'PROPN', 'PROPN', 'PUNCT', 'PRON', 'PRON', 'VERB', 'ADV', 'ADP', 'DET', 'DET', 'ADJ', 'NOUN', 'ADJ', 'ADP', 'NOUN', 'ADP', 'NOUN', 'PUNCT', 'VERB', 'SCONJ', 'DET', 'NOUN', 'VERB', 'ADV', 'DET', 'NOUN', 'NOUN', 'NUM', 'PRON', 'VERB', 'ADP', 'ADJ', 'NOUN', 'PRON', 'VERB', 'ADP', 'DET', 'NOUN', 'ADJ', 'ADP', 'PRON', 'PUNCT', 'PRON', 'VERB', 'PRON', 'ADP', 'PROPN', 'PUNCT'], ['deslocou', 'afirmou', 'ocorreu', 'circulava', 'chocou', 'vinha'], ['o', 'Governador', 'de', 'Qaluibiya', ',', 'Adli', 'Hussein', ',', 'que', 'se', 'deslocar', 'junto', 'com', 'outro', 'vários', 'alto', 'funcionário', 'egípcio', 'a o', 'local', 'de o', 'acidente', ',', 'afirmar', 'que', 'o', 'colisão', 'ocorrer', 'quando', 'o', 'trem', 'número', '808', 'que', 'circular', 'em', 'alto', 'velocidade', 'se', 'chocar', 'com', 'o', 'parte', 'traseiro', 'de', 'outro', ',', 'que', 'vir', 'de o', 'de', 'Qaliub', '.']], [['Fontes', 'do', 'Ministério', 'de', 'Transporte', 'disseram', 'que', 'vários', 'vagões', 'descarrilaram', 'e', 'tombaram', ',', 'e', 'que', 'os', 'bombeiros', 'conseguiram', 'controlar', 'um', 'incêndio', 'no', 'trem', 'que', 'procedia', 'de', 'Lardo', '.'], ['NOUN', 'ADP', 'PROPN', 'ADP', 'PROPN', 'VERB', 'SCONJ', 'DET', 'NOUN', 'VERB', 'CCONJ', 'VERB', 'PUNCT', 'CCONJ', 'SCONJ', 'DET', 'NOUN', 'VERB', 'VERB', 'DET', 'NOUN', 'ADP', 'NOUN', 'PRON', 'VERB', 'ADP', 'PROPN', 'PUNCT'], ['disseram', 'descarrilaram', 'tombaram', 'conseguiram controlar', 'procedia'], ['fonte', 'de o', 'Ministério', 'de', 'Transporte', 'dizer', 'que', 'vários', 'vagão', 'descarrilar', 'e', 'tombar', ',', 'e', 'que', 'o', 'bombeiro', 'conseguir', 'controlar', 'um', 'incêndio', 'em o', 'trem', 'que', 'proceder', 'de', 'Lardo', '.']], [['A', 'maior', 'tragédia', 'ferroviária', 'da', 'história', 'do', 'Egito', 'ocorreu', 'em', 'fevereiro', 'de', '2002', ',', 'após', 'o', 'incêndio', 'de', 'um', 'trem', 'que', 'cobria', 'o', 'trajeto', 'entre', 'Cairo', 'e', 'Luxor', '(', 'sul', ')', ',', 'lotado', 'de', 'passageiros', ',', 'e', 'que', 'deixou', '376', 'mortos', ',', 'segundo', 'números', 'oficiais', '.'], ['DET', 'ADJ', 'NOUN', 'ADJ', 'ADP', 'NOUN', 'ADP', 'PROPN', 'VERB', 'ADP', 'NOUN', 'ADP', 'NUM', 'PUNCT', 'ADP', 'DET', 'NOUN', 'ADP', 'DET', 'NOUN', 'PRON', 'VERB', 'DET', 'NOUN', 'ADP', 'PROPN', 'CCONJ', 'PROPN', 'PUNCT', 'NOUN', 'PUNCT', 'PUNCT', 'VERB', 'ADP', 'NOUN', 'PUNCT', 'CCONJ', 'PRON', 'VERB', 'NUM', 'NOUN', 'PUNCT', 'ADP', 'NOUN', 'ADJ', 'PUNCT'], ['ocorreu', 'cobria', 'lotado', 'deixou'], ['o', 'grande', 'tragédia', 'ferroviário', 'de o', 'história', 'de o', 'Egito', 'ocorrer', 'em', 'fevereiro', 'de', '2002', ',', 'após', 'o', 'incêndio', 'de', 'um', 'trem', 'que', 'cobrer', 'o', 'trajeto', 'entre', 'Cairo', 'e', 'Luxor', '(', 'sul', ')', ',', 'lotar', 'de', 'passageiro', ',', 'e', 'que', 'deixar', '376', 'morto', ',', 'segundo', 'número', 'oficial', '.']]]
24;[[['Choque', 'entre', 'trens', 'mata', 'pelo', 'menos', '57', 'pessoas', 'no', 'Egito', 'Número', 'de', 'mortos', 'pode', 'aumentar', 'devido', 'ao', 'estado', 'grave', 'de', 'vários', 'dos', 'feridos', 'e', 'aos', 'cadáveres', 'ainda', 'existentes', 'sob', 'os', 'vagões', 'dos', 'dois', 'trens'], ['NOUN', 'ADP', 'NOUN', 'VERB', 'ADP', 'NOUN', 'NUM', 'NOUN', 'ADP', 'PROPN', 'PROPN', 'ADP', 'NOUN', 'VERB', 'VERB', 'ADV', 'ADP', 'NOUN', 'ADJ', 'ADP', 'PRON', 'ADP', 'NOUN', 'CCONJ', 'ADP', 'NOUN', 'ADV', 'ADJ', 'ADP', 'DET', 'NOUN', 'ADP', 'NUM', 'NOUN'], ['mata', 'pode aumentar'], ['choque', 'entre', 'trem', 'matar', 'por o', 'menos', '57', 'pessoa', 'em o', 'Egito', 'Número', 'de', 'morto', 'poder', 'aumentar', 'devido', 'a o', 'estado', 'grave', 'de', 'vários', 'de o', 'ferido', 'e', 'a o', 'cadáver', 'ainda', 'existente', 'sob', 'o', 'vagão', 'de o', 'dois', 'trem']]]
25;[[['Uma', 'colisão', 'entre', 'dois', 'trens', 'de', 'passageiros', 'provocou', 'a', 'morte', 'de', 'pelo', 'menos', '80', 'pessoas', 'e', 'deixou', '165', 'feridas', '.'], ['DET', 'NOUN', 'ADP', 'NUM', 'NOUN', 'ADP', 'NOUN', 'VERB', 'DET', 'NOUN', 'ADP', 'ADP', 'NOUN', 'NUM', 'NOUN', 'CCONJ', 'VERB', 'NUM', 'NOUN', 'PUNCT'], ['provocou', 'deixou'], ['um', 'colisão', 'entre', 'dois', 'trem', 'de', 'passageiro', 'provocar', 'o', 'morte', 'de', 'por o', 'menos', '80', 'pessoa', 'e', 'deixar', '165', 'ferida', '.']], [['O', 'acidente', 'ocorreu', 'no', 'delta', 'do', 'Nilo', ',', 'ao', 'norte', 'de', 'Cairo', ',', 'no', 'Egito', '.'], ['DET', 'NOUN', 'VERB', 'ADP', 'NOUN', 'ADP', 'PROPN', 'PUNCT', 'ADP', 'NOUN', 'ADP', 'PROPN', 'PUNCT', 'ADP', 'PROPN', 'PUNCT'], ['ocorreu'], ['o', 'acidente', 'ocorrer', 'em o', 'delta', 'de o', 'Nilo', ',', 'a o', 'norte', 'de', 'Cairo', ',', 'em o', 'Egito', '.']], [['No', 'entanto', ',', 'o', 'ministro', 'da', 'Saúde', ',', 'Hatem', 'El-Gabaly', ',', 'insistiu', 'que', 'até', 'o', 'momento', 'foram', 'recuperados', 'apenas', '36', 'cadáveres', 'e', 'que', '133', 'feridos', 'foram', 'encaminhados', 'a', 'hospitais', 'da', 'região', '.'], ['ADP', 'NOUN', 'PUNCT', 'DET', 'NOUN', 'ADP', 'NOUN', 'PUNCT', 'PROPN', 'PROPN', 'PUNCT', 'VERB', 'SCONJ', 'ADP', 'DET', 'NOUN', 'AUX', 'VERB', 'ADV', 'NUM', 'NOUN', 'CCONJ', 'SCONJ', 'NUM', 'NOUN', 'AUX', 'VERB', 'ADP', 'NOUN', 'ADP', 'NOUN', 'PUNCT'], ['insistiu', 'foram recuperados', 'foram encaminhados'], ['em o', 'entanto', ',', 'o', 'ministro', 'de o', 'Saúde', ',', 'Hatem', 'El-Gabaly', ',', 'insistir', 'que', 'até', 'o', 'momento', 'ser', 'recuperar', 'apenas', '36', 'cadáver', 'e', 'que', '133', 'ferido', 'ser', 'encaminhados', 'a', 'hospital', 'de o', 'região', '.']], [['A', 'emissora', 'de', 'TV', 'estatal', 'Nile', 'News', 'mostrou', 'as', 'primeiras', 'imagens', 'do', 'acidente', ',', 'nas', 'quais', 'era', 'possível', 'ver', 'vários', 'cadáveres', 'que', 'ainda', 'se', 'encontram', 'no', 'interior', 'ou', 'sob', 'os', 'vagões', 'descarrilados', '.'], ['DET', 'NOUN', 'ADP', 'NOUN', 'ADJ', 'PROPN', 'PROPN', 'VERB', 'DET', 'ADJ', 'NOUN', 'ADP', 'NOUN', 'PUNCT', 'ADP', 'PRON', 'AUX', 'ADJ', 'VERB', 'DET', 'NOUN', 'PRON', 'ADV', 'PRON', 'VERB', 'ADP', 'NOUN', 'CCONJ', 'ADP', 'DET', 'NOUN', 'VERB', 'PUNCT'], ['mostrou', 'ver', 'encontram', 'descarrilados'], ['o', 'emissora', 'de', 'tv', 'estatal', 'Nile', 'News', 'mostrar', 'o', 'primeiro', 'imagem', 'de o', 'acidente', ',', 'em o', 'qual', 'ser', 'possível', 'ver', 'vários', 'cadáver', 'que', 'ainda', 'se', 'encontrar', 'em o', 'interior', 'ou', 'sob', 'o', 'vagão', 'descarrilado', '.']], [['Fontes', 'do', 'Ministério', 'de', 'Transporte', 'disseram', 'que', 'o', 'número', 'de', 'mortos', 'pode', 'aumentar', 'devido', 'ao', 'estado', 'grave', 'de', 'vários', 'dos', 'feridos', 'e', 'que', 'ainda', 'há', 'cadáveres', 'sob', 'os', 'vagões', 'dos', 'dois', 'trens', '.'], ['NOUN', 'ADP', 'PROPN', 'ADP', 'PROPN', 'VERB', 'SCONJ', 'DET', 'NOUN', 'ADP', 'NOUN', 'VERB', 'VERB', 'ADV', 'ADP', 'NOUN', 'ADJ', 'ADP', 'PRON', 'ADP', 'NOUN', 'CCONJ', 'PRON', 'ADV', 'VERB', 'NOUN', 'ADP', 'DET', 'NOUN', 'ADP', 'NUM', 'NOUN', 'PUNCT'], ['disseram', 'pode aumentar', 'há'], ['fonte', 'de o', 'Ministério', 'de', 'Transporte', 'dizer', 'que', 'o', 'número', 'de', 'morto', 'poder', 'aumentar', 'devido', 'a o', 'estado', 'grave', 'de', 'vários', 'de o', 'ferido', 'e', 'que', 'ainda', 'haver', 'cadáver', 'sob', 'o', 'vagão', 'de o', 'dois', 'trem', '.']], [['Mais', 'de', '45', 'ambulâncias', 'foram', 'enviadas', 'ao', 'local', 'do', 'acidente', 'para', 'socorrer', 'as', 'vítimas', '.'], ['ADV', 'ADP', 'NUM', 'NOUN', 'AUX', 'VERB', 'ADP', 'NOUN', 'ADP', 'NOUN', 'SCONJ', 'VERB', 'DET', 'NOUN', 'PUNCT'], ['foram enviadas', 'socorrer'], ['mais', 'de', '45', 'ambulância', 'ser', 'enviar', 'a o', 'local', 'de o', 'acidente', 'para', 'socorrer', 'o', 'vítima', '.']], [['O', 'governador', 'de', 'Qaluibiya', ',', 'Adli', 'Hussein', ',', 'que', 'se', 'deslocou', 'junto', 'com', 'outros', 'vários', 'altos', 'funcionários', 'egípcios', 'ao', 'local', 'do', 'acidente', ',', 'afirmou', 'que', 'a', 'colisão', 'ocorreu', 'quando', 'o', 'trem', 'número', '808', 'que', 'circulava', 'em', 'alta', 'velocidade', 'se', 'chocou', 'com', 'a', 'parte', 'traseira', 'de', 'outro', ',', 'que', 'vinha', 'de', 'Qaliub', '.'], ['DET', 'NOUN', 'ADP', 'PROPN', 'PUNCT', 'PROPN', 'PROPN', 'PUNCT', 'PRON', 'PRON', 'VERB', 'ADV', 'ADP', 'DET', 'DET', 'ADJ', 'NOUN', 'ADJ', 'ADP', 'NOUN', 'ADP', 'NOUN', 'PUNCT', 'VERB', 'SCONJ', 'DET', 'NOUN', 'VERB', 'ADV', 'DET', 'NOUN', 'NOUN', 'NUM', 'PRON', 'VERB', 'ADP', 'ADJ', 'NOUN', 'PRON', 'VERB', 'ADP', 'DET', 'NOUN', 'ADJ', 'ADP', 'PRON', 'PUNCT', 'PRON', 'VERB', 'ADP', 'PRON', 'PUNCT'], ['deslocou', 'afirmou', 'ocorreu', 'circulava', 'chocou', 'vinha'], ['o', 'governador', 'de', 'Qaluibiya', ',', 'Adli', 'Hussein', ',', 'que', 'se', 'deslocar', 'junto', 'com', 'outro', 'vários', 'alto', 'funcionário', 'egípcio', 'a o', 'local', 'de o', 'acidente', ',', 'afirmar', 'que', 'o', 'colisão', 'ocorrer', 'quando', 'o', 'trem', 'número', '808', 'que', 'circular', 'em', 'alto', 'velocidade', 'se', 'chocar', 'com', 'o', 'parte', 'traseiro', 'de', 'outro', ',', 'que', 'vir', 'de', 'Qaliub', '.']], [['Trata-se', 'do', 'terceiro', 'acidente', 'deste', 'tipo', 'no', 'Delta', 'do', 'Nilo', 'desde', '28', 'de', 'fevereiro', ',', 'quando', 'cerca', 'de', '20', 'pessoas', 'ficaram', 'feridas', 'em', 'choque', 'entre', 'dois', 'trens', 'em', 'Beheira', ',', '150', 'quilômetros', 'ao', 'norte', 'do', 'Cairo', '.'], ['VERB', 'ADP', 'ADJ', 'NOUN', 'ADP', 'NOUN', 'ADP', 'PROPN', 'ADP', 'PROPN', 'ADP', 'NUM', 'ADP', 'NOUN', 'PUNCT', 'ADV', 'ADV', 'ADP', 'NUM', 'NOUN', 'VERB', 'VERB', 'ADP', 'NOUN', 'ADP', 'NUM', 'NOUN', 'ADP', 'PROPN', 'PUNCT', 'NUM', 'NOUN', 'ADP', 'NOUN', 'ADP', 'PROPN', 'PUNCT'], ['Trata-se', 'ficaram feridas'], ['tratar se', 'de o', 'terceiro', 'acidente', 'de este', 'tipo', 'em o', 'Delta', 'de o', 'Nilo', 'desde', '28', 'de', 'fevereiro', ',', 'quando', 'cerca', 'de', '20', 'pessoa', 'ficar', 'ferir', 'em', 'choque', 'entre', 'dois', 'trem', 'em', 'Beheira', ',', '150', 'quilômetro', 'a o', 'norte', 'de o', 'Cairo', '.']], [['No', 'dia', '1', '°', 'de', 'maio', ',', 'mais', 'de', '40', 'pessoas', 'ficaram', 'feridas', 'em', 'um', 'acidente', 'similar', 'na', 'província', 'de', 'Al', 'Sharquiya', ',', 'cerca', 'de', '100', 'quilômetros', 'ao', 'norte', 'da', 'capital', '.'], ['ADP', 'NOUN', 'NUM', 'NOUN', 'ADP', 'NOUN', 'PUNCT', 'ADV', 'ADP', 'NUM', 'NOUN', 'VERB', 'VERB', 'ADP', 'DET', 'NOUN', 'ADJ', 'ADP', 'NOUN', 'ADP', 'PROPN', 'PROPN', 'PUNCT', 'ADV', 'ADP', 'NUM', 'NOUN', 'ADP', 'NOUN', 'ADP', 'NOUN', 'PUNCT'], ['ficaram feridas'], ['em o', 'dia', '1', '°', 'de', 'maio', ',', 'mais', 'de', '40', 'pessoa', 'ficar', 'ferir', 'em', 'um', 'acidente', 'similar', 'em o', 'província', 'de', 'Al', 'Sharquiya', ',', 'cerca', 'de', '100', 'quilômetro', 'a o', 'norte', 'de o', 'capital', '.']], [['A', 'maior', 'tragédia', 'ferroviária', 'da', 'história', 'do', 'Egito', 'ocorreu', 'em', 'fevereiro', 'de', '2002', ',', 'após', 'o', 'incêndio', 'de', 'um', 'trem', 'que', 'cobria', 'o', 'trajeto', 'entre', 'Cairo', 'e', 'Luxor', '(', 'sul', ')', ',', 'lotado', 'de', 'passageiros', ',', 'e', 'que', 'deixou', '376', 'mortos', ',', 'segundo', 'números', 'oficiais', '.'], ['DET', 'ADJ', 'NOUN', 'ADJ', 'ADP', 'NOUN', 'ADP', 'PROPN', 'VERB', 'ADP', 'NOUN', 'ADP', 'NUM', 'PUNCT', 'ADP', 'DET', 'NOUN', 'ADP', 'DET', 'NOUN', 'PRON', 'VERB', 'DET', 'NOUN', 'ADP', 'PROPN', 'CCONJ', 'PROPN', 'PUNCT', 'NOUN', 'PUNCT', 'PUNCT', 'VERB', 'ADP', 'NOUN', 'PUNCT', 'CCONJ', 'PRON', 'VERB', 'NUM', 'NOUN', 'PUNCT', 'ADP', 'NOUN', 'ADJ', 'PUNCT'], ['ocorreu', 'cobria', 'lotado', 'deixou'], ['o', 'grande', 'tragédia', 'ferroviário', 'de o', 'história', 'de o', 'Egito', 'ocorrer', 'em', 'fevereiro', 'de', '2002', ',', 'após', 'o', 'incêndio', 'de', 'um', 'trem', 'que', 'cobrer', 'o', 'trajeto', 'entre', 'Cairo', 'e', 'Luxor', '(', 'sul', ')', ',', 'lotar', 'de', 'passageiro', ',', 'e', 'que', 'deixar', '376', 'morto', ',', 'segundo', 'número', 'oficial', '.']]]
26;[[['Colisão', 'entre', 'trens', 'deixa', '80', 'mortos', 'e', '165', 'feridos', 'no', 'Egito'], ['NOUN', 'ADP', 'NOUN', 'VERB', 'NUM', 'NOUN', 'CCONJ', 'NUM', 'NOUN', 'ADP', 'PROPN'], ['deixa'], ['Colisão', 'entre', 'trem', 'deixar', '80', 'morto', 'e', '165', 'ferido', 'em o', 'Egito']]]
27;"[[['Pelo', 'menos', '80', 'pessoas', 'morreram', 'e', 'mais', 'de', '165', 'ficaram', 'feridas', 'nesta', 'segunda-feira', 'após', 'a', 'colisão', 'de', 'dois', 'trens', 'de', 'passageiros', 'no', 'delta', 'do', 'Nilo', ',', 'ao', 'norte', 'do', 'Cairo', ',', 'informaram', 'fontes', 'policiais', 'e', 'médicas', '.'], ['ADP', 'NOUN', 'NUM', 'NOUN', 'VERB', 'CCONJ', 'ADV', 'ADP', 'NUM', 'VERB', 'NOUN', 'ADP', 'NOUN', 'ADP', 'DET', 'NOUN', 'ADP', 'NUM', 'NOUN', 'ADP', 'NOUN', 'ADP', 'NOUN', 'ADP', 'PROPN', 'PUNCT', 'ADP', 'NOUN', 'ADP', 'PROPN', 'PUNCT', 'VERB', 'NOUN', 'ADJ', 'CCONJ', 'ADJ', 'PUNCT'], ['morreram', 'ficaram', 'informaram'], ['pelo', 'menos', '80', 'pessoa', 'morrer', 'e', 'mais', 'de', '165', 'ficar', 'ferido', 'em este', 'segunda-feira', 'após', 'o', 'colisão', 'de', 'dois', 'trem', 'de', 'passageiro', 'em o', 'delta', 'de o', 'Nilo', ',', 'a o', 'norte', 'de o', 'Cairo', ',', 'informar', 'fonte', 'policial', 'e', 'médico', '.']], [['A', 'emissora', 'de', 'TV', 'estatal', '""', 'Nile', 'News', '""', 'mostrou', 'as', 'primeiras', 'imagens', 'do', 'acidente', ',', 'nas', 'quais', 'era', 'possível', 'ver', 'vários', 'cadáveres', 'que', 'ainda', 'se', 'encontram', 'no', 'interior', 'ou', 'sob', 'os', 'vagões', 'descarrilados', '.'], ['DET', 'NOUN', 'ADP', 'NOUN', 'ADJ', 'PUNCT', 'PROPN', 'PROPN', 'PUNCT', 'VERB', 'DET', 'ADJ', 'NOUN', 'ADP', 'NOUN', 'PUNCT', 'ADP', 'PRON', 'AUX', 'ADJ', 'VERB', 'DET', 'NOUN', 'PRON', 'ADV', 'PRON', 'VERB', 'ADP', 'NOUN', 'CCONJ', 'ADP', 'DET', 'NOUN', 'VERB', 'PUNCT'], ['mostrou', 'ver', 'encontram', 'descarrilados'], ['o', 'emissora', 'de', 'tv', 'estatal', '""', 'Nile', 'News', '""', 'mostrar', 'o', 'primeiro', 'imagem', 'de o', 'acidente', ',', 'em o', 'qual', 'ser', 'possível', 'ver', 'vários', 'cadáver', 'que', 'ainda', 'se', 'encontrar', 'em o', 'interior', 'ou', 'sob', 'o', 'vagão', 'descarrilado', '.']], [['No', 'entanto', ',', 'o', 'ministro', 'da', 'Saúde', ',', 'Hatem', 'El-Gabaly', ',', 'insistiu', 'que', 'até', 'o', 'momento', 'foram', 'recuperados', 'apenas', '36', 'cadáveres', 'e', 'que', '133', 'feridos', 'foram', 'encaminhados', 'a', 'hospitais', 'da', 'região', '.'], ['ADP', 'NOUN', 'PUNCT', 'DET', 'NOUN', 'ADP', 'NOUN', 'PUNCT', 'PROPN', 'PROPN', 'PUNCT', 'VERB', 'SCONJ', 'ADP', 'DET', 'NOUN', 'AUX', 'VERB', 'ADV', 'NUM', 'NOUN', 'CCONJ', 'SCONJ', 'NUM', 'NOUN', 'AUX', 'VERB', 'ADP', 'NOUN', 'ADP', 'NOUN', 'PUNCT'], ['insistiu', 'foram recuperados', 'foram encaminhados'], ['em o', 'entanto', ',', 'o', 'ministro', 'de o', 'Saúde', ',', 'Hatem', 'El-Gabaly', ',', 'insistir', 'que', 'até', 'o', 'momento', 'ser', 'recuperar', 'apenas', '36', 'cadáver', 'e', 'que', '133', 'ferido', 'ser', 'encaminhados', 'a', 'hospital', 'de o', 'região', '.']], [['Mais', 'de', '45', 'ambulâncias', 'foram', 'enviadas', 'ao', 'local', 'do', 'acidente', 'para', 'socorrer', 'as', 'vítimas'], ['ADV', 'ADP', 'NUM', 'NOUN', 'AUX', 'VERB', 'ADP', 'NOUN', 'ADP', 'NOUN', 'SCONJ', 'VERB', 'DET', 'NOUN'], ['foram enviadas', 'socorrer'], ['mais', 'de', '45', 'ambulância', 'ser', 'enviar', 'a o', 'local', 'de o', 'acidente', 'para', 'socorrer', 'o', 'vítima']], [['O', 'governador', 'de', 'Qaluibiya', ',', 'Adli', 'Hussein', ',', 'que', 'se', 'deslocou', 'junto', 'com', 'outros', 'vários', 'altos', 'funcionários', 'egípcios', 'ao', 'local', 'do', 'acidente', ',', 'afirmou', 'que', 'a', 'colisão', 'ocorreu', 'quando', 'o', 'trem', 'número', '808', 'que', 'circulava', 'em', 'alta', 'velocidade', 'se', 'chocou', 'com', 'a', 'parte', 'traseira', 'de', 'outro', ',', 'que', 'vinha', 'de', 'Qaliub', '.'], ['DET', 'NOUN', 'ADP', 'PROPN', 'PUNCT', 'PROPN', 'PROPN', 'PUNCT', 'PRON', 'PRON', 'VERB', 'ADV', 'ADP', 'DET', 'DET', 'ADJ', 'NOUN', 'ADJ', 'ADP', 'NOUN', 'ADP', 'NOUN', 'PUNCT', 'VERB', 'SCONJ', 'DET', 'NOUN', 'VERB', 'ADV', 'DET', 'NOUN', 'NOUN', 'NUM', 'PRON', 'VERB', 'ADP', 'ADJ', 'NOUN', 'PRON', 'VERB', 'ADP', 'DET', 'NOUN', 'ADJ', 'ADP', 'PRON', 'PUNCT', 'PRON', 'VERB', 'ADP', 'PRON', 'PUNCT'], ['deslocou', 'afirmou', 'ocorreu', 'circulava', 'chocou', 'vinha'], ['o', 'governador', 'de', 'Qaluibiya', ',', 'Adli', 'Hussein', ',', 'que', 'se', 'deslocar', 'junto', 'com', 'outro', 'vários', 'alto', 'funcionário', 'egípcio', 'a o', 'local', 'de o', 'acidente', ',', 'afirmar', 'que', 'o', 'colisão', 'ocorrer', 'quando', 'o', 'trem', 'número', '808', 'que', 'circular', 'em', 'alto', 'velocidade', 'se', 'chocar', 'com', 'o', 'parte', 'traseiro', 'de', 'outro', ',', 'que', 'vir', 'de', 'Qaliub', '.']], [['A', 'maior', 'tragédia', 'ferroviária', 'da', 'história', 'do', 'Egito', 'ocorreu', 'em', 'fevereiro', 'de', '2002', ',', 'após', 'o', 'incêndio', 'de', 'um', 'trem', 'que', 'cobria', 'o', 'trajeto', 'entre', 'Cairo', 'e', 'Luxor', ',', 'lotado', 'de', 'passageiros', ',', 'e', 'que', 'deixou', '376', 'mortos', ',', 'segundo', 'números', 'oficiais', '.'], ['DET', 'ADJ', 'NOUN', 'ADJ', 'ADP', 'NOUN', 'ADP', 'PROPN', 'VERB', 'ADP', 'NOUN', 'ADP', 'NUM', 'PUNCT', 'ADP', 'DET', 'NOUN', 'ADP', 'DET', 'NOUN', 'PRON', 'VERB', 'DET', 'NOUN', 'ADP', 'PROPN', 'CCONJ', 'PROPN', 'PUNCT', 'VERB', 'ADP', 'NOUN', 'PUNCT', 'CCONJ', 'PRON', 'VERB', 'NUM', 'NOUN', 'PUNCT', 'ADP', 'NOUN', 'ADJ', 'PUNCT'], ['ocorreu', 'cobria', 'lotado', 'deixou'], ['o', 'grande', 'tragédia', 'ferroviário', 'de o', 'história', 'de o', 'Egito', 'ocorrer', 'em', 'fevereiro', 'de', '2002', ',', 'após', 'o', 'incêndio', 'de', 'um', 'trem', 'que', 'cobrer', 'o', 'trajeto', 'entre', 'Cairo', 'e', 'Luxor', ',', 'lotar', 'de', 'passageiro', ',', 'e', 'que', 'deixar', '376', 'morto', ',', 'segundo', 'número', 'oficial', '.']]]"
28;[[['Nove', 'pessoas', 'morreram', ',', 'três', 'delas', 'crianças', ',', 'e', 'outras', '25', 'ficaram', 'feridas', 'nesta', 'segunda-feira', 'em', 'uma', 'explosão', 'ocorrida', 'em', 'um', 'mercado', 'de', 'Moscou', ',', 'informou', 'a', 'polícia', '.'], ['NUM', 'NOUN', 'VERB', 'PUNCT', 'NUM', 'PRON', 'NOUN', 'PUNCT', 'CCONJ', 'DET', 'NUM', 'VERB', 'NOUN', 'ADP', 'NOUN', 'ADP', 'DET', 'NOUN', 'VERB', 'ADP', 'DET', 'NOUN', 'ADP', 'PROPN', 'PUNCT', 'VERB', 'DET', 'NOUN', 'PUNCT'], ['morreram', 'ficaram', 'ocorrida', 'informou'], ['nove', 'pessoa', 'morrer', ',', 'três', 'de ele', 'criança', ',', 'e', 'outro', '25', 'ficar', 'ferido', 'em este', 'segunda-feira', 'em', 'um', 'explosão', 'ocorrer', 'em', 'um', 'mercado', 'de', 'Moscou', ',', 'informar', 'o', 'polícia', '.']], [['A', 'explosão', ',', 'supostamente', 'causada', 'por', 'vazamento', 'de', 'um', 'botijão', 'de', 'gás', ',', 'foi', 'registrada', 'por', 'volta', 'das', '10h40', '(', '3h40', 'de', 'Brasília', ')', 'no', 'setor', 'denominado', 'Evrazia', 'do', 'mercado', 'Cherkizov', ',', 'um', 'dos', 'maiores', 'shoppings', 'da', 'capital', 'da', 'Rússia', '.'], ['DET', 'NOUN', 'PUNCT', 'ADV', 'VERB', 'ADP', 'NOUN', 'ADP', 'DET', 'NOUN', 'ADP', 'NOUN', 'PUNCT', 'AUX', 'VERB', 'ADP', 'NOUN', 'ADP', 'NOUN', 'PUNCT', 'NOUN', 'ADP', 'PROPN', 'PUNCT', 'ADP', 'NOUN', 'VERB', 'PROPN', 'ADP', 'NOUN', 'PROPN', 'PUNCT', 'NUM', 'ADP', 'ADJ', 'NOUN', 'ADP', 'NOUN', 'ADP', 'PROPN', 'PUNCT'], ['causada', 'foi registrada', 'denominado'], ['o', 'explosão', ',', 'supostamente', 'causar', 'por', 'vazamento', 'de', 'um', 'botijão', 'de', 'gás', ',', 'ser', 'registrar', 'por', 'volta', 'de o', '10h40', '(', '3h40', 'de', 'Brasília', ')', 'em o', 'setor', 'denominar', 'evrazia', 'de o', 'mercado', 'Cherkizov', ',', 'um', 'de o', 'grande', 'shoppings', 'de o', 'capital', 'de o', 'Rússia', '.']], [['A', 'maioria', 'dos', 'feridos', ',', 'entre', 'os', 'quais', 'há', 'quatro', 'com', 'menos', 'de', '18', 'anos', ',', 'foi', 'hospitalizada', '.'], ['DET', 'NOUN', 'ADP', 'NOUN', 'PUNCT', 'ADP', 'DET', 'PRON', 'VERB', 'NUM', 'ADP', 'ADV', 'ADP', 'NUM', 'NOUN', 'PUNCT', 'AUX', 'VERB', 'PUNCT'], ['há', 'foi hospitalizada'], ['o', 'maioria', 'de o', 'ferido', ',', 'entre', 'o', 'qual', 'haver', 'quatro', 'com', 'menos', 'de', '18', 'ano', ',', 'ser', 'hospitalizar', '.']], [['Cerca', 'de', 'dez', 'de', 'carros', 'de', 'bombeiros', 'e', 'mais', 'de', 'uma', 'dezena', 'de', 'ambulâncias', 'foram', 'enviadas', 'ao', 'local', ',', 'que', 'foi', 'isolado', 'pela', 'polícia', '.'], ['ADV', 'ADP', 'NUM', 'ADP', 'NOUN', 'ADP', 'NOUN', 'CCONJ', 'ADV', 'ADP', 'NUM', 'NUM', 'ADP', 'NOUN', 'AUX', 'VERB', 'ADP', 'NOUN', 'PUNCT', 'PRON', 'AUX', 'VERB', 'ADP', 'NOUN', 'PUNCT'], ['foram enviadas', 'foi isolado'], ['cerca', 'de', 'dez', 'de', 'carro', 'de', 'bombeiro', 'e', 'mais', 'de', 'um', 'dezena', 'de', 'ambulância', 'ser', 'enviar', 'a o', 'local', ',', 'que', 'ser', 'isolar', 'por o', 'polícia', '.']], [['A', 'procuradoria', 'de', 'Moscou', 'anunciou', 'a', 'criação', 'de', 'um', 'grupo', 'especial', 'para', 'investigar', 'o', 'acidente', '.'], ['DET', 'NOUN', 'ADP', 'PROPN', 'VERB', 'DET', 'NOUN', 'ADP', 'DET', 'NOUN', 'ADJ', 'SCONJ', 'VERB', 'DET', 'NOUN', 'PUNCT'], ['anunciou', 'investigar'], ['o', 'procuradoria', 'de', 'Moscou', 'anunciar', 'o', 'criação', 'de', 'um', 'grupo', 'especial', 'para', 'investigar', 'o', 'acidente', '.']], [['Fontes', 'do', 'Ministério', 'do', 'Interior', 'da', 'Rússia', 'citadas', 'pela', 'agência', 'Interfax', 'descartaram', 'a', 'possibilidade', 'de', 'a', 'explosão', 'em', 'Cherkizov', 'ter', 'sido', 'um', 'ataque', 'terrorista', '.'], ['NOUN', 'ADP', 'PROPN', 'ADP', 'PROPN', 'ADP', 'PROPN', 'VERB', 'ADP', 'PROPN', 'PROPN', 'VERB', 'DET', 'NOUN', 'ADP', 'DET', 'NOUN', 'ADP', 'PROPN', 'AUX', 'AUX', 'DET', 'NOUN', 'ADJ', 'PUNCT'], ['citadas', 'descartaram'], ['fonte', 'de o', 'Ministério', 'de o', 'Interior', 'de o', 'Rússia', 'citar', 'por o', 'agência', 'Interfax', 'descartar', 'o', 'possibilidade', 'de', 'o', 'explosão', 'em', 'Cherkizov', 'ter', 'ser', 'um', 'ataque', 'terrorista', '.']]]
29;[[['Explosão', 'em', 'mercado', 'mata', '9', 'pessoas', 'em', 'Moscou'], ['NOUN', 'ADP', 'NOUN', 'VERB', 'NUM', 'NOUN', 'ADP', 'PROPN'], ['mata'], ['explosão', 'em', 'mercado', 'matar', '9', 'pessoa', 'em', 'Moscou']]]
30;"[[['Uma', 'explosão', 'causou', 'nesta', 'segunda-feira', 'a', 'morte', 'de', 'dez', 'pessoas', 'e', 'deixou', 'cerca', 'de', '30', 'feridas', 'no', 'mercado', 'Cherkizov', 'de', 'Moscou', '.'], ['DET', 'NOUN', 'VERB', 'ADP', 'NOUN', 'DET', 'NOUN', 'ADP', 'NUM', 'NOUN', 'CCONJ', 'VERB', 'ADV', 'ADP', 'NUM', 'NOUN', 'ADP', 'NOUN', 'PROPN', 'ADP', 'PROPN', 'PUNCT'], ['causou', 'deixou'], ['um', 'explosão', 'causar', 'em este', 'segunda-feira', 'o', 'morte', 'de', 'dez', 'pessoa', 'e', 'deixar', 'cerca', 'de', '30', 'ferida', 'em o', 'mercado', 'Cherkizov', 'de', 'Moscou', '.']], [['De', 'acordo', 'com', 'a', 'polícia', 'da', 'capital', 'russa', ',', 'uma', 'bomba', 'causou', 'o', 'incidente', '.'], ['ADP', 'NOUN', 'ADP', 'DET', 'NOUN', 'ADP', 'NOUN', 'ADJ', 'PUNCT', 'DET', 'NOUN', 'VERB', 'DET', 'NOUN', 'PUNCT'], ['causou'], ['de', 'acordo', 'com', 'o', 'polícia', 'de o', 'capital', 'russo', ',', 'um', 'bomba', 'causar', 'o', 'incidente', '.']], [['As', 'autoridades', 'policiais', 'de', 'Moscou', 'assinalaram', 'que', 'no', 'recinto', 'do', 'mercado', ',', 'situado', 'no', 'Nordeste', 'da', 'cidade', ',', 'foi', 'detonada', 'uma', 'carga', 'explosiva', '.'], ['DET', 'NOUN', 'ADJ', 'ADP', 'PROPN', 'VERB', 'SCONJ', 'ADP', 'NOUN', 'ADP', 'NOUN', 'PUNCT', 'VERB', 'ADP', 'PROPN', 'ADP', 'NOUN', 'PUNCT', 'AUX', 'VERB', 'DET', 'NOUN', 'ADJ', 'PUNCT'], ['assinalaram', 'situado', 'foi detonada'], ['o', 'autoridade', 'policial', 'de', 'Moscou', 'assinalar', 'que', 'em o', 'recinto', 'de o', 'mercado', ',', 'situar', 'em o', 'nordeste', 'de o', 'cidade', ',', 'ser', 'detonar', 'um', 'carga', 'explosivo', '.']], [['-', 'Por', 'causa', 'da', 'explosão', ',', 'morreram', 'dez', 'pessoas', 'e', '31', 'foram', 'hospitalizadas', '-', 'declarou', 'à', 'agência', '""', 'Interfax', '""', 'o', 'alto', 'funcionário', 'de', 'Moscou', ',', 'Vladimir', 'Resin', '.'], ['PUNCT', 'ADP', 'NOUN', 'ADP', 'NOUN', 'PUNCT', 'VERB', 'NUM', 'NOUN', 'CCONJ', 'NUM', 'AUX', 'VERB', 'PUNCT', 'VERB', 'ADP', 'NOUN', 'PUNCT', 'PROPN', 'PUNCT', 'DET', 'ADJ', 'NOUN', 'ADP', 'PROPN', 'PUNCT', 'PROPN', 'PROPN', 'PUNCT'], ['morreram', 'foram hospitalizadas', 'declarou'], ['-', 'por', 'causa', 'de o', 'explosão', ',', 'morrer', 'dez', 'pessoa', 'e', '31', 'ser', 'hospitalizar', '-', 'declarar', 'a o', 'agência', '""', 'Interfax', '""', 'o', 'alto', 'funcionário', 'de', 'Moscou', ',', 'Vladimir', 'Resin', '.']], [['Anteriormente', ',', 'a', 'Polícia', 'havia', 'informado', 'sobre', 'nove', 'mortos', ',', 'sendo', 'três', 'deles', 'crianças', ',', 'e', '25', 'feridos', '.'], ['ADV', 'PUNCT', 'DET', 'PROPN', 'AUX', 'VERB', 'ADP', 'NUM', 'NOUN', 'PUNCT', 'AUX', 'NUM', 'PRON', 'NOUN', 'PUNCT', 'CCONJ', 'NUM', 'NOUN', 'PUNCT'], ['havia informado'], ['anteriormente', ',', 'o', 'Polícia', 'haver', 'informar', 'sobre', 'nove', 'morto', ',', 'ser', 'três', 'de ele', 'criança', ',', 'e', '25', 'ferido', '.']], [['Pouco', 'depois', 'da', 'detonação', ',', 'ocorrida', 'às', '10h40', '(', '3h40', 'em', 'Brasília', ')', ',', 'fontes', 'da', 'polícia', 'moscovita', 'adiantaram', 'que', 'ela', 'teria', 'acontecido', 'provavelmente', 'por', 'causa', 'da', 'explosão', 'acidental', 'de', 'um', 'bujão', 'de', 'gás', '.'], ['ADV', 'ADV', 'ADP', 'NOUN', 'PUNCT', 'VERB', 'ADP', 'NOUN', 'PUNCT', 'NOUN', 'ADP', 'PROPN', 'PUNCT', 'PUNCT', 'NOUN', 'ADP', 'NOUN', 'ADJ', 'VERB', 'SCONJ', 'PRON', 'AUX', 'VERB', 'ADV', 'ADP', 'NOUN', 'ADP', 'NOUN', 'ADJ', 'ADP', 'DET', 'NOUN', 'ADP', 'NOUN', 'PUNCT'], ['ocorrida', 'adiantaram', 'teria acontecido'], ['pouco', 'depois', 'de o', 'detonação', ',', 'ocorrer', 'a o', '10h40', '(', '3h40', 'em', 'Brasília', ')', ',', 'fonte', 'de o', 'polícia', 'moscovita', 'adiantar', 'que', 'ela', 'ter', 'acontecer', 'provavelmente', 'por', 'causa', 'de o', 'explosão', 'acidental', 'de', 'um', 'bujão', 'de', 'gás', '.']], [['-', 'Isto', 'não', 'foi', 'um', 'acidente', ',', 'foi', 'proposital', '-', 'disse', 'Resin', ',', 'citado', 'pela', 'agência', 'oficial', 'russa', '""', 'Itar-Tass', '""', '.'], ['PUNCT', 'PRON', 'ADV', 'AUX', 'DET', 'NOUN', 'PUNCT', 'AUX', 'ADJ', 'PUNCT', 'VERB', 'PROPN', 'PUNCT', 'VERB', 'ADP', 'NOUN', 'ADJ', 'ADJ', 'PUNCT', 'PROPN', 'PROPN', 'PUNCT'], ['disse', 'citado'], ['-', 'isto', 'não', 'ser', 'um', 'acidente', ',', 'ser', 'proposital', '-', 'dizer', 'Resin', ',', 'citar', 'por o', 'agência', 'oficial', 'russo', '""', 'Itar-Tass', '""', '.']], [['A', 'Promotoria', 'de', 'Moscou', 'começou', 'um', 'processo', 'penal', 'por', 'assassinato', ',', 'não', 'por', 'terrorismo', ',', 'o', 'que', 'indica', 'que', 'as', 'autoridades', 'têm', 'uma', 'tendência', 'a', 'acreditar', 'que', 'a', 'explosão', 'possa', 'ter', 'sido', 'um', 'acerto', 'de', 'contas', 'entre', 'delinqüentes', '.'], ['DET', 'PROPN', 'ADP', 'PROPN', 'VERB', 'DET', 'NOUN', 'ADJ', 'ADP', 'NOUN', 'PUNCT', 'ADV', 'ADP', 'NOUN', 'PUNCT', 'PRON', 'PRON', 'VERB', 'SCONJ', 'DET', 'NOUN', 'VERB', 'DET', 'NOUN', 'SCONJ', 'VERB', 'SCONJ', 'DET', 'NOUN', 'VERB', 'AUX', 'AUX', 'DET', 'NOUN', 'ADP', 'NOUN', 'ADP', 'NOUN', 'PUNCT'], ['começou', 'indica', 'têm', 'acreditar', 'possa ter'], ['o', 'Promotoria', 'de', 'Moscou', 'começar', 'um', 'processo', 'penal', 'por', 'assassinato', ',', 'não', 'por', 'terrorismo', ',', 'o', 'que', 'indicar', 'que', 'o', 'autoridade', 'ter', 'um', 'tendência', 'a', 'acreditar', 'que', 'o', 'explosão', 'poder', 'ter', 'ser', 'um', 'acerto', 'de', 'conta', 'entre', 'delinqüente', '.']], [['-', 'No', 'curso', 'da', 'investigação', ',', 'serão', 'examinadas', 'todas', 'as', 'versões', ',', 'incluindo', 'a', 'de', 'um', 'ataque', 'terrorista', '-', 'informou', 'o', 'centro', 'de', 'imprensa', 'da', 'Promotoria', 'de', 'Moscou', '.'], ['PUNCT', 'ADP', 'NOUN', 'ADP', 'NOUN', 'PUNCT', 'AUX', 'VERB', 'DET', 'DET', 'NOUN', 'PUNCT', 'VERB', 'PRON', 'ADP', 'DET', 'NOUN', 'ADJ', 'PUNCT', 'VERB', 'DET', 'NOUN', 'ADP', 'NOUN', 'ADP', 'PROPN', 'ADP', 'PROPN', 'PUNCT'], ['serão examinadas', 'incluindo', 'informou'], ['-', 'em o', 'curso', 'de o', 'investigação', ',', 'ser', 'examinar', 'todo', 'o', 'versão', ',', 'incluir', 'o', 'de', 'um', 'ataque', 'terrorista', '-', 'informar', 'o', 'centro', 'de', 'imprensa', 'de o', 'Promotoria', 'de', 'Moscou', '.']], [['A', 'bomba', 'detonou', 'no', 'interior', 'de', 'uma', 'cafeteria', 'localizada', 'no', 'setor', 'denominado', '""', 'Evrazia', '""', 'do', 'mercado', 'Cherkizov', '.'], ['DET', 'NOUN', 'VERB', 'ADP', 'NOUN', 'ADP', 'DET', 'NOUN', 'VERB', 'ADP', 'NOUN', 'VERB', 'PUNCT', 'PROPN', 'PUNCT', 'ADP', 'NOUN', 'PROPN', 'PUNCT'], ['detonou', 'localizada', 'denominado'], ['o', 'bomba', 'detonar', 'em o', 'interior', 'de', 'um', 'cafeteria', 'localizar', 'em o', 'setor', 'denominar', '""', 'Evrazia', '""', 'de o', 'mercado', 'Cherkizov', '.']], [['-', 'Testemunhas', 'viram', 'quando', 'dois', 'desconhecidos', 'deixaram', 'uma', 'bolsa', 'e', 'saíram', 'correndo', 'da', 'cafeteria', '.'], ['PUNCT', 'PROPN', 'VERB', 'ADV', 'NUM', 'VERB', 'VERB', 'DET', 'NOUN', 'CCONJ', 'VERB', 'VERB', 'ADP', 'NOUN', 'PUNCT'], ['viram', 'desconhecidos deixaram', 'saíram correndo'], ['-', 'Testemunhas', 'vir', 'quando', 'dois', 'desconhecido', 'deixar', 'um', 'bolsa', 'e', 'saír', 'correr', 'de o', 'cafeteria', '.']], [['Pouco', 'depois', 'aconteceu', 'a', 'explosão', '-', 'disse', 'um', 'porta-voz', 'policial', 'citado', 'pela', '""', 'Itar-Tass', '""', '.'], ['ADV', 'ADV', 'VERB', 'DET', 'NOUN', 'PUNCT', 'VERB', 'DET', 'NOUN', 'ADJ', 'VERB', 'ADP', 'PROPN', 'PROPN', 'PROPN', 'PUNCT'], ['aconteceu', 'disse', 'citado'], ['pouco', 'depois', 'acontecer', 'o', 'explosão', '-', 'dizer', 'um', 'porta-voz', 'policial', 'citar', 'por o', '""', 'Itar-Tass', '""', '.']], [['O', 'delegado', 'de', 'Moscou', ',', 'Yuri', 'Siomin', ',', 'que', 'se', 'dirigiu', 'ao', 'local', ',', 'declarou', 'que', 'a', 'potência', 'da', 'bomba', 'era', 'equivalente', 'a', 'de', 'até', '1,2', 'kg', 'de', 'TNT', '.'], ['DET', 'NOUN', 'ADP', 'PROPN', 'PUNCT', 'PROPN', 'PROPN', 'PUNCT', 'PRON', 'PRON', 'VERB', 'ADP', 'NOUN', 'PUNCT', 'VERB', 'SCONJ', 'DET', 'NOUN', 'ADP', 'NOUN', 'AUX', 'ADJ', 'PRON', 'ADP', 'ADP', 'NUM', 'NOUN', 'ADP', 'PROPN', 'PUNCT'], ['dirigiu', 'declarou'], ['o', 'delegado', 'de', 'Moscou', ',', 'Yuri', 'Siomin', ',', 'que', 'se', 'dirigir', 'a o', 'local', ',', 'declarar', 'que', 'o', 'potência', 'de o', 'bomba', 'ser', 'equivalente', 'o', 'de', 'até', '1,2', 'kg', 'de', 'TNT', '.']]]"
31;[[['Explosão', 'em', 'mercado', 'foi', 'provocada', 'por', 'bomba', ',', 'diz', 'Polícia', 'russa'], ['NOUN', 'ADP', 'NOUN', 'AUX', 'VERB', 'ADP', 'NOUN', 'PUNCT', 'VERB', 'NOUN', 'ADJ'], ['foi provocada', 'diz'], ['explosão', 'em', 'mercado', 'ser', 'provocar', 'por', 'bomba', ',', 'dizer', 'polícia', 'russo']]]
32;"[[['Nove', 'pessoas', 'morreram', ',', 'sendo', 'três', 'crianças', ',', 'e', 'outras', '25', 'ficaram', 'feridas', 'nesta', 'segunda-feira', 'em', 'uma', 'explosão', 'registrada', 'em', 'um', 'mercado', 'moscovita', ',', 'informou', 'a', 'Polícia', 'de', 'Moscou', '.'], ['NUM', 'NOUN', 'VERB', 'PUNCT', 'AUX', 'NUM', 'NOUN', 'PUNCT', 'CCONJ', 'DET', 'NUM', 'VERB', 'NOUN', 'ADP', 'NOUN', 'ADP', 'DET', 'NOUN', 'VERB', 'ADP', 'DET', 'NOUN', 'ADJ', 'PUNCT', 'VERB', 'DET', 'PROPN', 'ADP', 'PROPN', 'PUNCT'], ['morreram', 'ficaram', 'registrada', 'informou'], ['nove', 'pessoa', 'morrer', ',', 'ser', 'três', 'criança', ',', 'e', 'outro', '25', 'ficar', 'ferido', 'em este', 'segunda-feira', 'em', 'um', 'explosão', 'registrar', 'em', 'um', 'mercado', 'moscovita', ',', 'informar', 'o', 'Polícia', 'de', 'Moscou', '.']], [['A', 'explosão', ',', 'cujas', 'causas', 'ainda', 'são', 'desconhecidas', ',', 'aconteceu', 'às', '10h40', '(', '3h40', 'em', 'Brasília', ')', 'no', 'mercado', 'Cherkizov', ',', 'localizado', 'no', 'nordeste', 'da', 'capital', 'russa', '.'], ['DET', 'NOUN', 'PUNCT', 'DET', 'NOUN', 'ADV', 'AUX', 'VERB', 'PUNCT', 'VERB', 'ADP', 'NOUN', 'PUNCT', 'NOUN', 'ADP', 'PROPN', 'PUNCT', 'ADP', 'NOUN', 'PROPN', 'PUNCT', 'VERB', 'ADP', 'NOUN', 'ADP', 'NOUN', 'ADJ', 'PUNCT'], ['são desconhecidas', 'aconteceu', 'localizado'], ['o', 'explosão', ',', 'cujo', 'causa', 'ainda', 'ser', 'desconhecir', ',', 'acontecer', 'a o', '10h40', '(', '3h40', 'em', 'Brasília', ')', 'em o', 'mercado', 'Cherkizov', ',', 'localizar', 'em o', 'nordeste', 'de o', 'capital', 'russo', '.']], [['A', 'maioria', 'dos', 'feridos', ',', 'entre', 'os', 'quais', 'há', 'quatro', 'menores', ',', 'foi', 'hospitalizada', '.'], ['DET', 'NOUN', 'ADP', 'NOUN', 'PUNCT', 'ADP', 'DET', 'PRON', 'VERB', 'NUM', 'NOUN', 'PUNCT', 'AUX', 'VERB', 'PUNCT'], ['há', 'foi hospitalizada'], ['o', 'maioria', 'de o', 'ferido', ',', 'entre', 'o', 'qual', 'haver', 'quatro', 'pequeno', ',', 'ser', 'hospitalizar', '.']], [['A', 'explosão', '-', 'supostamente', 'de', 'um', 'bujão', 'de', 'gás', ',', 'segundo', 'versões', 'policiais', 'preliminares', '-', 'aconteceu', 'no', 'setor', 'denominado', '""', 'Evrazia', '""', 'do', 'mercado', 'Cherkizov', ',', 'um', 'dos', 'maiores', 'shoppings', 'da', 'capital', 'russa', '.'], ['DET', 'NOUN', 'PUNCT', 'ADV', 'ADP', 'DET', 'NOUN', 'ADP', 'NOUN', 'PUNCT', 'ADP', 'NOUN', 'ADJ', 'ADJ', 'PUNCT', 'VERB', 'ADP', 'NOUN', 'VERB', 'PUNCT', 'PROPN', 'PUNCT', 'ADP', 'NOUN', 'PROPN', 'PUNCT', 'NUM', 'ADP', 'ADJ', 'NOUN', 'ADP', 'NOUN', 'ADJ', 'PUNCT'], ['aconteceu', 'denominado'], ['o', 'explosão', '-', 'supostamente', 'de', 'um', 'bujão', 'de', 'gás', ',', 'segundo', 'versão', 'policial', 'preliminar', '-', 'acontecer', 'em o', 'setor', 'denominar', '""', 'Evrazia', '""', 'de o', 'mercado', 'Cherkizov', ',', 'um', 'de o', 'grande', 'shoppings', 'de o', 'capital', 'russo', '.']], [['Cerca', 'de', 'dez', 'carros', 'de', 'bombeiros', 'e', 'mais', 'de', 'uma', 'dezena', 'de', 'ambulâncias', 'foram', 'enviadas', 'ao', 'local', ',', 'que', 'foi', 'isolado', 'pela', 'Polícia', '.'], ['ADV', 'ADP', 'NUM', 'NOUN', 'ADP', 'NOUN', 'CCONJ', 'ADV', 'ADP', 'NUM', 'NUM', 'ADP', 'NOUN', 'AUX', 'VERB', 'ADP', 'NOUN', 'PUNCT', 'PRON', 'AUX', 'VERB', 'ADP', 'PROPN', 'PUNCT'], ['foram enviadas', 'foi isolado'], ['cerca', 'de', 'dez', 'carro', 'de', 'bombeiro', 'e', 'mais', 'de', 'um', 'dezena', 'de', 'ambulância', 'ser', 'enviar', 'a o', 'local', ',', 'que', 'ser', 'isolar', 'por o', 'Polícia', '.']], [['A', 'procuradoria', 'de', 'Moscou', 'anunciou', 'a', 'criação', 'de', 'um', 'grupo', 'especial', 'para', 'investigar', 'o', 'acidente', '.'], ['DET', 'NOUN', 'ADP', 'PROPN', 'VERB', 'DET', 'NOUN', 'ADP', 'DET', 'NOUN', 'ADJ', 'SCONJ', 'VERB', 'DET', 'NOUN', 'PUNCT'], ['anunciou', 'investigar'], ['o', 'procuradoria', 'de', 'Moscou', 'anunciar', 'o', 'criação', 'de', 'um', 'grupo', 'especial', 'para', 'investigar', 'o', 'acidente', '.']], [['Fontes', 'do', 'Ministério', 'do', 'Interior', 'da', 'Rússia', 'citadas', 'pela', 'agência', '""', 'Interfax', '""', 'descartaram', 'a', 'possibilidade', 'de', 'a', 'explosão', 'em', 'Cherkizov', 'ter', 'sido', 'um', 'ataque', 'terrorista', '.'], ['NOUN', 'ADP', 'PROPN', 'ADP', 'PROPN', 'ADP', 'PROPN', 'VERB', 'ADP', 'PROPN', 'PUNCT', 'PROPN', 'PUNCT', 'VERB', 'DET', 'NOUN', 'ADP', 'DET', 'NOUN', 'ADP', 'PROPN', 'AUX', 'AUX', 'DET', 'NOUN', 'ADJ', 'PUNCT'], ['citadas', 'descartaram'], ['fonte', 'de o', 'Ministério', 'de o', 'Interior', 'de o', 'Rússia', 'citar', 'por o', 'agência', '""', 'Interfax', '""', 'descartar', 'o', 'possibilidade', 'de', 'o', 'explosão', 'em', 'Cherkizov', 'ter', 'ser', 'um', 'ataque', 'terrorista', '.']]]"
34;[[['Parlamentares', 'sanguessugas', 'têm', 'até', 'a', 'meia-noite', 'de', 'hoje', 'para', 'renunciar'], ['ADJ', 'NOUN', 'VERB', 'ADP', 'DET', 'NOUN', 'ADP', 'ADV', 'SCONJ', 'VERB'], ['têm', 'renunciar'], ['parlamentar', 'sanguessuga', 'ter', 'até', 'o', 'meia-noite', 'de', 'hoje', 'para', 'renunciar']]]
36;"[[['10', '%', 'dos', 'acusados', 'devem', 'renunciar', ';'], ['NUM', 'SYM', 'ADP', 'NOUN', 'VERB', 'VERB', 'PUNCT'], ['devem renunciar'], ['10', '%', 'de o', 'acusado', 'dever', 'renunciar', ';']], [['prazo', 'termina', 'hoje', 'Desistência', 'do', 'mandato', 'pode', 'ser', 'feita', 'até', 'as', '20', 'horas', ';', 'processo', 'contra', 'os', 'deputados', 'será', 'instaurado', 'amanhã'], ['NOUN', 'VERB', 'ADV', 'NOUN', 'ADP', 'NOUN', 'VERB', 'AUX', 'VERB', 'ADP', 'DET', 'NUM', 'NOUN', 'PUNCT', 'NOUN', 'ADP', 'DET', 'NOUN', 'AUX', 'VERB', 'ADV'], ['termina', 'pode ser', 'feita', 'será instaurado'], ['prazo', 'terminar', 'hoje', 'Desistência', 'de o', 'mandato', 'poder', 'ser', 'fazer', 'até', 'o', '20', 'hora', ';', 'processo', 'contra', 'o', 'deputado', 'ser', 'instaurar', 'amanhã']]]"
37;[[['Os', 'parlamentares', 'acusados', 'de', 'envolvimento', 'com', 'o', 'esquema', 'de', 'superfaturamento', 'das', 'ambulâncias', 'têm', 'até', 'a', 'meia-noite', 'desta', 'segunda-feira', ',', 'dia', '21', ',', 'para', 'renunciar', 'ao', 'mandato', ',', 'caso', 'queiram', 'escapar', 'do', 'julgamento', 'por', 'quebra', 'de', 'decoro', '.'], ['DET', 'NOUN', 'VERB', 'ADP', 'NOUN', 'ADP', 'DET', 'NOUN', 'ADP', 'NOUN', 'ADP', 'NOUN', 'VERB', 'ADP', 'DET', 'NOUN', 'ADP', 'NOUN', 'PUNCT', 'NOUN', 'NUM', 'PUNCT', 'SCONJ', 'VERB', 'ADP', 'NOUN', 'PUNCT', 'SCONJ', 'VERB', 'VERB', 'ADP', 'NOUN', 'ADP', 'NOUN', 'ADP', 'NOUN', 'PUNCT'], ['acusados', 'têm', 'renunciar', 'queiram escapar'], ['o', 'parlamentar', 'acusar', 'de', 'envolvimento', 'com', 'o', 'esquema', 'de', 'superfaturamento', 'de o', 'ambulância', 'ter', 'até', 'o', 'meia-noite', 'de este', 'segunda-feira', ',', 'dia', '21', ',', 'para', 'renunciar', 'a o', 'mandato', ',', 'caso', 'querer', 'escapar', 'de o', 'julgamento', 'por', 'quebra', 'de', 'decoro', '.']], [['O', 'prazo', 'foi', 'definido', 'pela', 'direção', 'da', 'Câmara', '.'], ['DET', 'NOUN', 'AUX', 'VERB', 'ADP', 'NOUN', 'ADP', 'NOUN', 'PUNCT'], ['foi definido'], ['o', 'prazo', 'ser', 'definir', 'por o', 'direção', 'de o', 'câmara', '.']], [['Na', 'terça-feira', ',', 'dia', '22', ',', 'o', 'presidente', 'do', 'Conselho', 'de', 'Ética', ',', 'Ricardo', 'Izar', '(', 'PTB-SP', ')', ',', 'deve', 'começar', 'a', 'abrir', 'processos', 'contra', 'os', 'parlamentares', 'acusados', 'que', 'permanecerem', 'em', 'seus', 'cargos', '.'], ['ADP', 'NOUN', 'PUNCT', 'NOUN', 'NUM', 'PUNCT', 'DET', 'NOUN', 'ADP', 'PROPN', 'ADP', 'PROPN', 'PUNCT', 'PROPN', 'PROPN', 'PUNCT', 'PROPN', 'PUNCT', 'PUNCT', 'VERB', 'VERB', 'SCONJ', 'VERB', 'NOUN', 'ADP', 'DET', 'NOUN', 'VERB', 'PRON', 'VERB', 'ADP', 'DET', 'NOUN', 'PUNCT'], ['deve começar', 'abrir', 'acusados', 'permanecerem'], ['em o', 'terça-feira', ',', 'dia', '22', ',', 'o', 'presidente', 'de o', 'Conselho', 'de', 'Ética', ',', 'Ricardo', 'Izar', '(', 'PTB-SP', ')', ',', 'dever', 'começar', 'a', 'abrir', 'processo', 'contra', 'o', 'parlamentar', 'acusar', 'que', 'permanecer', 'em', 'seu', 'cargo', '.']], [['Um', 'membro', 'da', 'cúpula', 'da', 'Câmara', 'que', 'conversou', 'com', '30', 'acusados', 'calcula', 'que', 'pelo', 'menos', 'sete', 'podem', 'renunciar', ',', 'entre', 'eles', ':'], ['DET', 'NOUN', 'ADP', 'NOUN', 'ADP', 'NOUN', 'PRON', 'VERB', 'ADP', 'NUM', 'NOUN', 'VERB', 'SCONJ', 'ADP', 'NOUN', 'NUM', 'VERB', 'VERB', 'PUNCT', 'ADP', 'PRON', 'PUNCT'], ['conversou', 'calcula', 'podem renunciar'], ['um', 'membro', 'de o', 'cúpula', 'de o', 'câmara', 'que', 'conversar', 'com', '30', 'acusado', 'calcular', 'que', 'por o', 'menos', 'sete', 'poder', 'renunciar', ',', 'entre', 'ele', ':']], [['Nilton', 'Capixaba', '(', 'PTB-RO', ')', ',', 'Marcelino', 'Fraga', '(', 'PMDB-ES', ')', ',', 'César', 'Bandeira', '(', 'PFL-MA', ')', ',', 'Benedito', 'Dias', '(', 'PP-AP', ')', 'e', 'Carlos', 'Nader', '(', 'PL-RJ', ')', '.'], ['PROPN', 'PROPN', 'PUNCT', 'PROPN', 'PUNCT', 'PUNCT', 'PROPN', 'PROPN', 'PUNCT', 'PROPN', 'PUNCT', 'PUNCT', 'PROPN', 'PROPN', 'PUNCT', 'PROPN', 'PUNCT', 'PUNCT', 'PROPN', 'PROPN', 'PUNCT', 'NOUN', 'PUNCT', 'CCONJ', 'PROPN', 'PROPN', 'PUNCT', 'PROPN', 'PUNCT', 'PUNCT'], [], ['Nilton', 'Capixaba', '(', 'PTB-RO', ')', ',', 'Marcelino', 'Fraga', '(', 'PMDB-ES', ')', ',', 'César', 'Bandeira', '(', 'PFL-MA', ')', ',', 'Benedito', 'Dias', '(', 'PP-AP', ')', 'e', 'Carlos', 'Nader', '(', 'PL-RJ', ')', '.']], [['O', 'pefelista', 'Coriolano', 'Sales', '(', 'PFL', ')', 'já', 'apresentou', 'sua', 'renúncia', 'desde', 'a', 'semana', 'passada', '.'], ['DET', 'NOUN', 'PROPN', 'PROPN', 'PUNCT', 'PROPN', 'PUNCT', 'ADV', 'VERB', 'DET', 'NOUN', 'ADP', 'DET', 'NOUN', 'ADJ', 'PUNCT'], ['apresentou'], ['o', 'pefelista', 'Coriolano', 'Sales', '(', 'PFL', ')', 'já', 'apresentar', 'seu', 'renúncia', 'desde', 'o', 'semana', 'passado', '.']]]
38;[[['Parlamentares', 'acusados', 'têm', 'até', 'esta', 'segunda', 'para', 'renuncia'], ['NOUN', 'VERB', 'VERB', 'ADP', 'DET', 'NOUN', 'ADP', 'NOUN'], ['acusados têm'], ['parlamentar', 'acusar', 'ter', 'até', 'este', 'segundo', 'para', 'renuncia']]]
40;[[['Alckmin', 'muda', 'discurso', ',', 'eleva', 'tom', 'e', 'liga', 'Lula', 'a', 'escândalos', 'de', 'corrupção', 'Criticado', 'por', 'não', 'atacar', 'presidente', ',', 'tucano', 'agora', 'diz', 'que', 'petista', 'governou', 'ao', 'lado', 'de', 'mensalão', 'e', 'sanguessugas'], ['PROPN', 'VERB', 'NOUN', 'PUNCT', 'VERB', 'NOUN', 'CCONJ', 'NOUN', 'PROPN', 'ADP', 'NOUN', 'ADP', 'NOUN', 'VERB', 'SCONJ', 'ADV', 'VERB', 'NOUN', 'PUNCT', 'NOUN', 'ADV', 'VERB', 'SCONJ', 'NOUN', 'VERB', 'ADP', 'NOUN', 'ADP', 'NOUN', 'CCONJ', 'NOUN'], ['muda', 'eleva', 'Criticado', 'atacar', 'diz', 'governou'], ['alckmin', 'mudar', 'discurso', ',', 'elevar', 'tom', 'e', 'liga', 'Lula', 'a', 'escândalo', 'de', 'corrupção', 'Criticar', 'por', 'não', 'atacar', 'presidente', ',', 'tucano', 'agora', 'dizer', 'que', 'petista', 'governar', 'a o', 'lado', 'de', 'mensalão', 'e', 'sanguessuga']]]
